year,month,rainfall_mm,oblast
2015,1,27.59,Akmolinskaya
2015,2,13.16,Akmolinskaya
2015,3,27.28,Akmolinskaya
2015,4,38.4,Akmolinskaya
2015,5,69.75,Akmolinskaya
2015,6,41.7,Akmolinskaya
2015,7,41.54,Akmolinskaya
2015,8,26.97,Akmolinskaya
2015,9,12.3,Akmolinskaya
2015,10,27.28,Akmolinskaya
2015,11,30.9,Akmolinskaya
2015,12,44.64,Akmolinskaya
2016,1,28.52,Akmolinskaya
2016,2,12.18,Akmolinskaya
2016,3,32.86,Akmolinskaya
2016,4,32.7,Akmolinskaya
2016,5,26.97,Akmolinskaya
2016,6,42.9,Akmolinskaya
2016,7,63.86,Akmolinskaya
2016,8,8.68,Akmolinskaya
2016,9,45.0,Akmolinskaya
2016,10,31.93,Akmolinskaya
2016,11,27.6,Akmolinskaya
2016,12,53.63,Akmolinskaya
2017,1,17.98,Akmolinskaya
2017,2,18.76,Akmolinskaya
2017,3,18.91,Akmolinskaya
2017,4,20.4,Akmolinskaya
2017,5,31.31,Akmolinskaya
2017,6,15.6,Akmolinskaya
2017,7,40.61,Akmolinskaya
2017,8,6.2,Akmolinskaya
2017,9,10.2,Akmolinskaya
2017,10,35.34,Akmolinskaya
2017,11,38.7,Akmolinskaya
2017,12,18.29,Akmolinskaya
2018,1,15.19,Akmolinskaya
2018,2,8.4,Akmolinskaya
2018,3,41.85,Akmolinskaya
2018,4,38.1,Akmolinskaya
2018,5,51.77,Akmolinskaya
2018,6,66.6,Akmolinskaya
2018,7,37.51,Akmolinskaya
2018,8,46.5,Akmolinskaya
2018,9,18.3,Akmolinskaya
2018,10,49.6,Akmolinskaya
2018,11,33.6,Akmolinskaya
2018,12,9.3,Akmolinskaya
2019,1,12.71,Akmolinskaya
2019,2,23.24,Akmolinskaya
2019,3,23.87,Akmolinskaya
2019,4,36.3,Akmolinskaya
2019,5,17.67,Akmolinskaya
2019,6,53.7,Akmolinskaya
2019,7,25.42,Akmolinskaya
2019,8,28.83,Akmolinskaya
2019,9,44.7,Akmolinskaya
2019,10,28.52,Akmolinskaya
2019,11,42.0,Akmolinskaya
2019,12,33.17,Akmolinskaya
2020,1,45.57,Akmolinskaya
2020,2,40.31,Akmolinskaya
2020,3,6.2,Akmolinskaya
2020,4,63.0,Akmolinskaya
2020,5,13.95,Akmolinskaya
2020,6,42.6,Akmolinskaya
2020,7,63.55,Akmolinskaya
2020,8,17.98,Akmolinskaya
2020,9,26.7,Akmolinskaya
2020,10,22.01,Akmolinskaya
2020,11,29.7,Akmolinskaya
2020,12,10.85,Akmolinskaya
2021,1,13.64,Akmolinskaya
2021,2,39.76,Akmolinskaya
2021,3,32.24,Akmolinskaya
2021,4,12.6,Akmolinskaya
2021,5,19.53,Akmolinskaya
2021,6,21.0,Akmolinskaya
2021,7,31.62,Akmolinskaya
2021,8,24.49,Akmolinskaya
2021,9,39.3,Akmolinskaya
2021,10,15.81,Akmolinskaya
2021,11,35.4,Akmolinskaya
2021,12,23.87,Akmolinskaya
2022,1,21.39,Akmolinskaya
2022,2,18.76,Akmolinskaya
2022,3,30.69,Akmolinskaya
2022,4,5.4,Akmolinskaya
2022,5,11.47,Akmolinskaya
2022,6,25.5,Akmolinskaya
2022,7,44.33,Akmolinskaya
2022,8,21.08,Akmolinskaya
2022,9,12.6,Akmolinskaya
2022,10,27.59,Akmolinskaya
2022,11,49.5,Akmolinskaya
2022,12,15.81,Akmolinskaya
2023,1,17.05,Akmolinskaya
2023,2,19.6,Akmolinskaya
2023,3,24.18,Akmolinskaya
2023,4,57.9,Akmolinskaya
2023,5,22.63,Akmolinskaya
2023,6,18.0,Akmolinskaya
2023,7,21.7,Akmolinskaya
2023,8,47.74,Akmolinskaya
2023,9,52.8,Akmolinskaya
2023,10,30.38,Akmolinskaya
2023,11,40.2,Akmolinskaya
2023,12,52.7,Akmolinskaya
2024,1,37.2,Akmolinskaya
2024,2,32.48,Akmolinskaya
2024,3,21.39,Akmolinskaya
2024,4,39.6,Akmolinskaya
2024,5,95.17,Akmolinskaya
2024,6,54.3,Akmolinskaya
2024,7,59.21,Akmolinskaya
2024,8,66.96,Akmolinskaya
2024,9,19.5,Akmolinskaya
2024,10,44.64,Akmolinskaya
2024,11,36.6,Akmolinskaya
2024,12,25.73,Akmolinskaya
2015,1,30.69,Aktyubinskaya
2015,2,22.68,Aktyubinskaya
2015,3,16.43,Aktyubinskaya
2015,4,20.4,Aktyubinskaya
2015,5,63.24,Aktyubinskaya
2015,6,3.0,Aktyubinskaya
2015,7,8.99,Aktyubinskaya
2015,8,4.03,Aktyubinskaya
2015,9,3.9,Aktyubinskaya
2015,10,22.32,Aktyubinskaya
2015,11,31.8,Aktyubinskaya
2015,12,63.24,Aktyubinskaya
2016,1,35.65,Aktyubinskaya
2016,2,31.03,Aktyubinskaya
2016,3,84.32,Aktyubinskaya
2016,4,48.6,Aktyubinskaya
2016,5,70.99,Aktyubinskaya
2016,6,47.1,Aktyubinskaya
2016,7,31.0,Aktyubinskaya
2016,8,0.93,Aktyubinskaya
2016,9,30.3,Aktyubinskaya
2016,10,24.18,Aktyubinskaya
2016,11,17.4,Aktyubinskaya
2016,12,60.76,Aktyubinskaya
2017,1,20.77,Aktyubinskaya
2017,2,35.28,Aktyubinskaya
2017,3,29.45,Aktyubinskaya
2017,4,38.4,Aktyubinskaya
2017,5,46.19,Aktyubinskaya
2017,6,15.9,Aktyubinskaya
2017,7,40.3,Aktyubinskaya
2017,8,5.58,Aktyubinskaya
2017,9,7.5,Aktyubinskaya
2017,10,57.66,Aktyubinskaya
2017,11,29.7,Aktyubinskaya
2017,12,17.98,Aktyubinskaya
2018,1,9.3,Aktyubinskaya
2018,2,11.76,Aktyubinskaya
2018,3,41.54,Aktyubinskaya
2018,4,18.6,Aktyubinskaya
2018,5,8.99,Aktyubinskaya
2018,6,6.9,Aktyubinskaya
2018,7,9.61,Aktyubinskaya
2018,8,13.64,Aktyubinskaya
2018,9,13.5,Aktyubinskaya
2018,10,10.23,Aktyubinskaya
2018,11,12.6,Aktyubinskaya
2018,12,17.05,Aktyubinskaya
2019,1,12.09,Aktyubinskaya
2019,2,17.64,Aktyubinskaya
2019,3,18.29,Aktyubinskaya
2019,4,21.9,Aktyubinskaya
2019,5,7.44,Aktyubinskaya
2019,6,5.4,Aktyubinskaya
2019,7,34.1,Aktyubinskaya
2019,8,17.05,Aktyubinskaya
2019,9,13.8,Aktyubinskaya
2019,10,11.47,Aktyubinskaya
2019,11,10.5,Aktyubinskaya
2019,12,32.55,Aktyubinskaya
2020,1,22.01,Aktyubinskaya
2020,2,24.07,Aktyubinskaya
2020,3,18.29,Aktyubinskaya
2020,4,50.7,Aktyubinskaya
2020,5,29.14,Aktyubinskaya
2020,6,7.8,Aktyubinskaya
2020,7,6.82,Aktyubinskaya
2020,8,25.73,Aktyubinskaya
2020,9,14.1,Aktyubinskaya
2020,10,14.26,Aktyubinskaya
2020,11,15.0,Aktyubinskaya
2020,12,5.27,Aktyubinskaya
2021,1,12.71,Aktyubinskaya
2021,2,47.6,Aktyubinskaya
2021,3,34.72,Aktyubinskaya
2021,4,13.5,Aktyubinskaya
2021,5,8.68,Aktyubinskaya
2021,6,15.6,Aktyubinskaya
2021,7,26.97,Aktyubinskaya
2021,8,0.93,Aktyubinskaya
2021,9,13.2,Aktyubinskaya
2021,10,8.37,Aktyubinskaya
2021,11,47.1,Aktyubinskaya
2021,12,21.7,Aktyubinskaya
2022,1,39.68,Aktyubinskaya
2022,2,19.32,Aktyubinskaya
2022,3,21.39,Aktyubinskaya
2022,4,18.6,Aktyubinskaya
2022,5,56.42,Aktyubinskaya
2022,6,7.8,Aktyubinskaya
2022,7,32.86,Aktyubinskaya
2022,8,6.82,Aktyubinskaya
2022,9,14.4,Aktyubinskaya
2022,10,19.53,Aktyubinskaya
2022,11,44.1,Aktyubinskaya
2022,12,17.05,Aktyubinskaya
2023,1,23.56,Aktyubinskaya
2023,2,24.92,Aktyubinskaya
2023,3,21.7,Aktyubinskaya
2023,4,39.6,Aktyubinskaya
2023,5,31.62,Aktyubinskaya
2023,6,15.9,Aktyubinskaya
2023,7,22.01,Aktyubinskaya
2023,8,12.09,Aktyubinskaya
2023,9,39.0,Aktyubinskaya
2023,10,60.76,Aktyubinskaya
2023,11,36.9,Aktyubinskaya
2023,12,51.15,Aktyubinskaya
2024,1,35.34,Aktyubinskaya
2024,2,24.94,Aktyubinskaya
2024,3,22.63,Aktyubinskaya
2024,4,21.0,Aktyubinskaya
2024,5,16.12,Aktyubinskaya
2024,6,101.4,Aktyubinskaya
2024,7,36.58,Aktyubinskaya
2024,8,29.14,Aktyubinskaya
2024,9,0.3,Aktyubinskaya
2024,10,42.78,Aktyubinskaya
2024,11,31.2,Aktyubinskaya
2024,12,13.95,Aktyubinskaya
2015,1,30.69,Almatinskaya
2015,2,14.56,Almatinskaya
2015,3,16.74,Almatinskaya
2015,4,16.5,Almatinskaya
2015,5,26.97,Almatinskaya
2015,6,9.9,Almatinskaya
2015,7,4.96,Almatinskaya
2015,8,8.68,Almatinskaya
2015,9,18.9,Almatinskaya
2015,10,50.22,Almatinskaya
2015,11,43.2,Almatinskaya
2015,12,28.52,Almatinskaya
2016,1,17.98,Almatinskaya
2016,2,10.73,Almatinskaya
2016,3,17.67,Almatinskaya
2016,4,48.6,Almatinskaya
2016,5,60.45,Almatinskaya
2016,6,45.0,Almatinskaya
2016,7,24.18,Almatinskaya
2016,8,6.51,Almatinskaya
2016,9,5.7,Almatinskaya
2016,10,46.5,Almatinskaya
2016,11,36.0,Almatinskaya
2016,12,28.52,Almatinskaya
2017,1,15.81,Almatinskaya
2017,2,24.08,Almatinskaya
2017,3,8.37,Almatinskaya
2017,4,37.8,Almatinskaya
2017,5,39.99,Almatinskaya
2017,6,24.0,Almatinskaya
2017,7,3.1,Almatinskaya
2017,8,2.17,Almatinskaya
2017,9,12.6,Almatinskaya
2017,10,31.0,Almatinskaya
2017,11,21.3,Almatinskaya
2017,12,24.18,Almatinskaya
2018,1,13.64,Almatinskaya
2018,2,21.28,Almatinskaya
2018,3,43.09,Almatinskaya
2018,4,27.6,Almatinskaya
2018,5,28.52,Almatinskaya
2018,6,30.0,Almatinskaya
2018,7,23.87,Almatinskaya
2018,8,22.01,Almatinskaya
2018,9,9.9,Almatinskaya
2018,10,15.81,Almatinskaya
2018,11,51.3,Almatinskaya
2018,12,17.05,Almatinskaya
2019,1,19.22,Almatinskaya
2019,2,20.72,Almatinskaya
2019,3,10.85,Almatinskaya
2019,4,20.7,Almatinskaya
2019,5,27.59,Almatinskaya
2019,6,31.5,Almatinskaya
2019,7,4.34,Almatinskaya
2019,8,11.78,Almatinskaya
2019,9,16.5,Almatinskaya
2019,10,11.47,Almatinskaya
2019,11,28.5,Almatinskaya
2019,12,37.2,Almatinskaya
2020,1,18.91,Almatinskaya
2020,2,19.14,Almatinskaya
2020,3,9.92,Almatinskaya
2020,4,47.7,Almatinskaya
2020,5,25.73,Almatinskaya
2020,6,5.7,Almatinskaya
2020,7,14.88,Almatinskaya
2020,8,12.09,Almatinskaya
2020,9,4.8,Almatinskaya
2020,10,4.96,Almatinskaya
2020,11,13.5,Almatinskaya
2020,12,8.99,Almatinskaya
2021,1,11.47,Almatinskaya
2021,2,47.04,Almatinskaya
2021,3,66.03,Almatinskaya
2021,4,23.4,Almatinskaya
2021,5,14.88,Almatinskaya
2021,6,14.4,Almatinskaya
2021,7,20.77,Almatinskaya
2021,8,6.51,Almatinskaya
2021,9,0.9,Almatinskaya
2021,10,22.63,Almatinskaya
2021,11,17.7,Almatinskaya
2021,12,9.3,Almatinskaya
2022,1,15.81,Almatinskaya
2022,2,13.72,Almatinskaya
2022,3,65.1,Almatinskaya
2022,4,11.7,Almatinskaya
2022,5,28.52,Almatinskaya
2022,6,11.7,Almatinskaya
2022,7,15.19,Almatinskaya
2022,8,11.16,Almatinskaya
2022,9,2.1,Almatinskaya
2022,10,17.98,Almatinskaya
2022,11,61.5,Almatinskaya
2022,12,14.26,Almatinskaya
2023,1,22.94,Almatinskaya
2023,2,22.68,Almatinskaya
2023,3,32.24,Almatinskaya
2023,4,27.3,Almatinskaya
2023,5,13.64,Almatinskaya
2023,6,14.7,Almatinskaya
2023,7,13.33,Almatinskaya
2023,8,25.11,Almatinskaya
2023,9,20.7,Almatinskaya
2023,10,43.71,Almatinskaya
2023,11,15.6,Almatinskaya
2023,12,37.82,Almatinskaya
2024,1,32.86,Almatinskaya
2024,2,23.49,Almatinskaya
2024,3,40.3,Almatinskaya
2024,4,19.2,Almatinskaya
2024,5,51.46,Almatinskaya
2024,6,8.4,Almatinskaya
2024,7,26.97,Almatinskaya
2024,8,15.5,Almatinskaya
2024,9,8.7,Almatinskaya
2024,10,44.02,Almatinskaya
2024,11,42.6,Almatinskaya
2024,12,23.25,Almatinskaya
2015,1,10.54,Atyrauskaya
2015,2,13.16,Atyrauskaya
2015,3,17.05,Atyrauskaya
2015,4,15.3,Atyrauskaya
2015,5,84.63,Atyrauskaya
2015,6,5.4,Atyrauskaya
2015,7,20.15,Atyrauskaya
2015,8,2.48,Atyrauskaya
2015,9,10.2,Atyrauskaya
2015,10,7.75,Atyrauskaya
2015,11,28.5,Atyrauskaya
2015,12,50.22,Atyrauskaya
2016,1,32.55,Atyrauskaya
2016,2,11.31,Atyrauskaya
2016,3,39.68,Atyrauskaya
2016,4,40.5,Atyrauskaya
2016,5,82.77,Atyrauskaya
2016,6,15.0,Atyrauskaya
2016,7,33.79,Atyrauskaya
2016,8,23.56,Atyrauskaya
2016,9,15.9,Atyrauskaya
2016,10,7.44,Atyrauskaya
2016,11,21.3,Atyrauskaya
2016,12,27.9,Atyrauskaya
2017,1,11.78,Atyrauskaya
2017,2,22.96,Atyrauskaya
2017,3,23.87,Atyrauskaya
2017,4,9.0,Atyrauskaya
2017,5,25.73,Atyrauskaya
2017,6,11.4,Atyrauskaya
2017,7,16.12,Atyrauskaya
2017,8,1.24,Atyrauskaya
2017,9,1.2,Atyrauskaya
2017,10,43.4,Atyrauskaya
2017,11,17.1,Atyrauskaya
2017,12,19.22,Atyrauskaya
2018,1,11.47,Atyrauskaya
2018,2,4.76,Atyrauskaya
2018,3,18.29,Atyrauskaya
2018,4,18.3,Atyrauskaya
2018,5,1.24,Atyrauskaya
2018,6,3.3,Atyrauskaya
2018,7,10.54,Atyrauskaya
2018,8,2.48,Atyrauskaya
2018,9,3.0,Atyrauskaya
2018,10,9.92,Atyrauskaya
2018,11,8.4,Atyrauskaya
2018,12,18.29,Atyrauskaya
2019,1,5.27,Atyrauskaya
2019,2,12.88,Atyrauskaya
2019,3,12.71,Atyrauskaya
2019,4,43.8,Atyrauskaya
2019,5,26.35,Atyrauskaya
2019,6,22.2,Atyrauskaya
2019,7,37.2,Atyrauskaya
2019,8,18.29,Atyrauskaya
2019,9,11.7,Atyrauskaya
2019,10,21.7,Atyrauskaya
2019,11,2.4,Atyrauskaya
2019,12,9.92,Atyrauskaya
2020,1,21.39,Atyrauskaya
2020,2,5.22,Atyrauskaya
2020,3,15.5,Atyrauskaya
2020,4,13.2,Atyrauskaya
2020,5,30.38,Atyrauskaya
2020,6,14.1,Atyrauskaya
2020,7,0.93,Atyrauskaya
2020,8,13.33,Atyrauskaya
2020,9,23.4,Atyrauskaya
2020,10,1.55,Atyrauskaya
2020,11,6.6,Atyrauskaya
2020,12,5.27,Atyrauskaya
2021,1,9.61,Atyrauskaya
2021,2,28.56,Atyrauskaya
2021,3,13.64,Atyrauskaya
2021,4,14.7,Atyrauskaya
2021,5,7.75,Atyrauskaya
2021,6,12.3,Atyrauskaya
2021,7,7.13,Atyrauskaya
2021,8,0.0,Atyrauskaya
2021,9,6.3,Atyrauskaya
2021,10,6.82,Atyrauskaya
2021,11,29.1,Atyrauskaya
2021,12,18.91,Atyrauskaya
2022,1,25.73,Atyrauskaya
2022,2,21.84,Atyrauskaya
2022,3,33.17,Atyrauskaya
2022,4,10.8,Atyrauskaya
2022,5,70.06,Atyrauskaya
2022,6,8.1,Atyrauskaya
2022,7,23.25,Atyrauskaya
2022,8,0.62,Atyrauskaya
2022,9,13.2,Atyrauskaya
2022,10,27.59,Atyrauskaya
2022,11,16.5,Atyrauskaya
2022,12,6.2,Atyrauskaya
2023,1,8.06,Atyrauskaya
2023,2,46.48,Atyrauskaya
2023,3,9.3,Atyrauskaya
2023,4,31.5,Atyrauskaya
2023,5,17.67,Atyrauskaya
2023,6,9.0,Atyrauskaya
2023,7,17.36,Atyrauskaya
2023,8,9.3,Atyrauskaya
2023,9,25.8,Atyrauskaya
2023,10,53.63,Atyrauskaya
2023,11,27.6,Atyrauskaya
2023,12,24.49,Atyrauskaya
2024,1,18.6,Atyrauskaya
2024,2,36.54,Atyrauskaya
2024,3,31.93,Atyrauskaya
2024,4,7.2,Atyrauskaya
2024,5,32.55,Atyrauskaya
2024,6,20.4,Atyrauskaya
2024,7,7.13,Atyrauskaya
2024,8,5.89,Atyrauskaya
2024,9,4.8,Atyrauskaya
2024,10,24.18,Atyrauskaya
2024,11,31.2,Atyrauskaya
2024,12,14.26,Atyrauskaya
2015,1,46.5,Jambylslkaya
2015,2,27.44,Jambylslkaya
2015,3,38.44,Jambylslkaya
2015,4,26.7,Jambylslkaya
2015,5,24.18,Jambylslkaya
2015,6,9.3,Jambylslkaya
2015,7,0.93,Jambylslkaya
2015,8,28.52,Jambylslkaya
2015,9,17.1,Jambylslkaya
2015,10,57.66,Jambylslkaya
2015,11,59.4,Jambylslkaya
2015,12,50.22,Jambylslkaya
2016,1,32.55,Jambylslkaya
2016,2,5.51,Jambylslkaya
2016,3,42.78,Jambylslkaya
2016,4,43.5,Jambylslkaya
2016,5,65.1,Jambylslkaya
2016,6,50.4,Jambylslkaya
2016,7,48.36,Jambylslkaya
2016,8,0.62,Jambylslkaya
2016,9,3.9,Jambylslkaya
2016,10,61.07,Jambylslkaya
2016,11,36.3,Jambylslkaya
2016,12,59.83,Jambylslkaya
2017,1,23.56,Jambylslkaya
2017,2,64.12,Jambylslkaya
2017,3,27.59,Jambylslkaya
2017,4,96.3,Jambylslkaya
2017,5,61.07,Jambylslkaya
2017,6,18.6,Jambylslkaya
2017,7,2.48,Jambylslkaya
2017,8,4.65,Jambylslkaya
2017,9,19.5,Jambylslkaya
2017,10,39.37,Jambylslkaya
2017,11,17.4,Jambylslkaya
2017,12,34.72,Jambylslkaya
2018,1,29.14,Jambylslkaya
2018,2,28.84,Jambylslkaya
2018,3,57.66,Jambylslkaya
2018,4,34.2,Jambylslkaya
2018,5,18.6,Jambylslkaya
2018,6,13.8,Jambylslkaya
2018,7,1.24,Jambylslkaya
2018,8,2.79,Jambylslkaya
2018,9,1.2,Jambylslkaya
2018,10,18.29,Jambylslkaya
2018,11,38.1,Jambylslkaya
2018,12,14.57,Jambylslkaya
2019,1,17.36,Jambylslkaya
2019,2,18.76,Jambylslkaya
2019,3,34.1,Jambylslkaya
2019,4,52.8,Jambylslkaya
2019,5,9.92,Jambylslkaya
2019,6,21.9,Jambylslkaya
2019,7,5.27,Jambylslkaya
2019,8,1.55,Jambylslkaya
2019,9,6.9,Jambylslkaya
2019,10,2.79,Jambylslkaya
2019,11,16.8,Jambylslkaya
2019,12,19.84,Jambylslkaya
2020,1,17.98,Jambylslkaya
2020,2,18.27,Jambylslkaya
2020,3,6.2,Jambylslkaya
2020,4,34.8,Jambylslkaya
2020,5,29.76,Jambylslkaya
2020,6,2.7,Jambylslkaya
2020,7,7.75,Jambylslkaya
2020,8,16.12,Jambylslkaya
2020,9,4.2,Jambylslkaya
2020,10,0.62,Jambylslkaya
2020,11,21.3,Jambylslkaya
2020,12,6.82,Jambylslkaya
2021,1,12.71,Jambylslkaya
2021,2,31.36,Jambylslkaya
2021,3,80.91,Jambylslkaya
2021,4,30.3,Jambylslkaya
2021,5,8.99,Jambylslkaya
2021,6,1.8,Jambylslkaya
2021,7,3.41,Jambylslkaya
2021,8,2.48,Jambylslkaya
2021,9,0.0,Jambylslkaya
2021,10,20.15,Jambylslkaya
2021,11,10.5,Jambylslkaya
2021,12,23.25,Jambylslkaya
2022,1,34.1,Jambylslkaya
2022,2,8.96,Jambylslkaya
2022,3,90.83,Jambylslkaya
2022,4,17.4,Jambylslkaya
2022,5,38.75,Jambylslkaya
2022,6,26.4,Jambylslkaya
2022,7,0.62,Jambylslkaya
2022,8,9.92,Jambylslkaya
2022,9,0.0,Jambylslkaya
2022,10,36.27,Jambylslkaya
2022,11,46.8,Jambylslkaya
2022,12,9.3,Jambylslkaya
2023,1,25.42,Jambylslkaya
2023,2,33.6,Jambylslkaya
2023,3,26.04,Jambylslkaya
2023,4,33.6,Jambylslkaya
2023,5,13.95,Jambylslkaya
2023,6,1.8,Jambylslkaya
2023,7,3.72,Jambylslkaya
2023,8,30.07,Jambylslkaya
2023,9,7.2,Jambylslkaya
2023,10,25.73,Jambylslkaya
2023,11,19.2,Jambylslkaya
2023,12,36.89,Jambylslkaya
2024,1,38.44,Jambylslkaya
2024,2,23.2,Jambylslkaya
2024,3,39.99,Jambylslkaya
2024,4,49.2,Jambylslkaya
2024,5,26.35,Jambylslkaya
2024,6,6.0,Jambylslkaya
2024,7,19.22,Jambylslkaya
2024,8,1.86,Jambylslkaya
2024,9,6.6,Jambylslkaya
2024,10,46.19,Jambylslkaya
2024,11,38.7,Jambylslkaya
2024,12,17.05,Jambylslkaya
2015,1,29.45,Karagandinskaya
2015,2,24.08,Karagandinskaya
2015,3,29.76,Karagandinskaya
2015,4,34.5,Karagandinskaya
2015,5,70.37,Karagandinskaya
2015,6,24.6,Karagandinskaya
2015,7,22.94,Karagandinskaya
2015,8,1.86,Karagandinskaya
2015,9,21.0,Karagandinskaya
2015,10,38.75,Karagandinskaya
2015,11,50.7,Karagandinskaya
2015,12,72.23,Karagandinskaya
2016,1,28.83,Karagandinskaya
2016,2,8.99,Karagandinskaya
2016,3,26.35,Karagandinskaya
2016,4,26.1,Karagandinskaya
2016,5,33.17,Karagandinskaya
2016,6,38.4,Karagandinskaya
2016,7,65.41,Karagandinskaya
2016,8,3.41,Karagandinskaya
2016,9,14.1,Karagandinskaya
2016,10,27.59,Karagandinskaya
2016,11,45.0,Karagandinskaya
2016,12,33.48,Karagandinskaya
2017,1,15.5,Karagandinskaya
2017,2,25.2,Karagandinskaya
2017,3,19.22,Karagandinskaya
2017,4,33.3,Karagandinskaya
2017,5,11.16,Karagandinskaya
2017,6,22.8,Karagandinskaya
2017,7,7.75,Karagandinskaya
2017,8,15.5,Karagandinskaya
2017,9,10.5,Karagandinskaya
2017,10,41.23,Karagandinskaya
2017,11,30.3,Karagandinskaya
2017,12,41.23,Karagandinskaya
2018,1,10.85,Karagandinskaya
2018,2,19.32,Karagandinskaya
2018,3,41.54,Karagandinskaya
2018,4,39.9,Karagandinskaya
2018,5,14.88,Karagandinskaya
2018,6,35.4,Karagandinskaya
2018,7,9.3,Karagandinskaya
2018,8,36.58,Karagandinskaya
2018,9,8.4,Karagandinskaya
2018,10,47.43,Karagandinskaya
2018,11,26.4,Karagandinskaya
2018,12,17.05,Karagandinskaya
2019,1,10.85,Karagandinskaya
2019,2,31.64,Karagandinskaya
2019,3,22.01,Karagandinskaya
2019,4,30.3,Karagandinskaya
2019,5,10.54,Karagandinskaya
2019,6,33.0,Karagandinskaya
2019,7,8.68,Karagandinskaya
2019,8,14.57,Karagandinskaya
2019,9,28.5,Karagandinskaya
2019,10,21.7,Karagandinskaya
2019,11,18.0,Karagandinskaya
2019,12,30.07,Karagandinskaya
2020,1,29.14,Karagandinskaya
2020,2,34.51,Karagandinskaya
2020,3,3.72,Karagandinskaya
2020,4,14.1,Karagandinskaya
2020,5,26.04,Karagandinskaya
2020,6,16.2,Karagandinskaya
2020,7,24.49,Karagandinskaya
2020,8,14.26,Karagandinskaya
2020,9,9.9,Karagandinskaya
2020,10,10.54,Karagandinskaya
2020,11,35.7,Karagandinskaya
2020,12,6.82,Karagandinskaya
2021,1,11.78,Karagandinskaya
2021,2,24.64,Karagandinskaya
2021,3,42.47,Karagandinskaya
2021,4,11.4,Karagandinskaya
2021,5,22.63,Karagandinskaya
2021,6,13.5,Karagandinskaya
2021,7,22.01,Karagandinskaya
2021,8,6.2,Karagandinskaya
2021,9,14.4,Karagandinskaya
2021,10,13.33,Karagandinskaya
2021,11,27.3,Karagandinskaya
2021,12,31.31,Karagandinskaya
2022,1,21.39,Karagandinskaya
2022,2,22.12,Karagandinskaya
2022,3,36.27,Karagandinskaya
2022,4,25.5,Karagandinskaya
2022,5,30.07,Karagandinskaya
2022,6,3.3,Karagandinskaya
2022,7,15.19,Karagandinskaya
2022,8,23.25,Karagandinskaya
2022,9,3.6,Karagandinskaya
2022,10,19.22,Karagandinskaya
2022,11,36.6,Karagandinskaya
2022,12,19.84,Karagandinskaya
2023,1,23.25,Karagandinskaya
2023,2,30.24,Karagandinskaya
2023,3,33.48,Karagandinskaya
2023,4,10.2,Karagandinskaya
2023,5,27.9,Karagandinskaya
2023,6,6.3,Karagandinskaya
2023,7,6.51,Karagandinskaya
2023,8,35.03,Karagandinskaya
2023,9,29.7,Karagandinskaya
2023,10,37.51,Karagandinskaya
2023,11,29.1,Karagandinskaya
2023,12,35.65,Karagandinskaya
2024,1,25.42,Karagandinskaya
2024,2,32.48,Karagandinskaya
2024,3,26.97,Karagandinskaya
2024,4,12.0,Karagandinskaya
2024,5,45.57,Karagandinskaya
2024,6,11.1,Karagandinskaya
2024,7,71.3,Karagandinskaya
2024,8,15.81,Karagandinskaya
2024,9,1.2,Karagandinskaya
2024,10,43.71,Karagandinskaya
2024,11,33.0,Karagandinskaya
2024,12,22.32,Karagandinskaya
2015,1,20.46,Kustanayskaya
2015,2,8.68,Kustanayskaya
2015,3,18.6,Kustanayskaya
2015,4,30.6,Kustanayskaya
2015,5,73.47,Kustanayskaya
2015,6,17.7,Kustanayskaya
2015,7,25.42,Kustanayskaya
2015,8,17.05,Kustanayskaya
2015,9,38.1,Kustanayskaya
2015,10,29.14,Kustanayskaya
2015,11,38.7,Kustanayskaya
2015,12,45.88,Kustanayskaya
2016,1,34.72,Kustanayskaya
2016,2,20.01,Kustanayskaya
2016,3,47.74,Kustanayskaya
2016,4,35.4,Kustanayskaya
2016,5,22.94,Kustanayskaya
2016,6,42.3,Kustanayskaya
2016,7,57.66,Kustanayskaya
2016,8,5.58,Kustanayskaya
2016,9,56.7,Kustanayskaya
2016,10,23.56,Kustanayskaya
2016,11,36.3,Kustanayskaya
2016,12,44.33,Kustanayskaya
2017,1,16.12,Kustanayskaya
2017,2,23.52,Kustanayskaya
2017,3,22.32,Kustanayskaya
2017,4,29.1,Kustanayskaya
2017,5,54.25,Kustanayskaya
2017,6,39.6,Kustanayskaya
2017,7,42.16,Kustanayskaya
2017,8,39.37,Kustanayskaya
2017,9,12.3,Kustanayskaya
2017,10,33.79,Kustanayskaya
2017,11,13.8,Kustanayskaya
2017,12,14.26,Kustanayskaya
2018,1,5.27,Kustanayskaya
2018,2,10.92,Kustanayskaya
2018,3,44.95,Kustanayskaya
2018,4,27.0,Kustanayskaya
2018,5,35.65,Kustanayskaya
2018,6,43.8,Kustanayskaya
2018,7,25.11,Kustanayskaya
2018,8,47.43,Kustanayskaya
2018,9,18.6,Kustanayskaya
2018,10,26.97,Kustanayskaya
2018,11,21.6,Kustanayskaya
2018,12,13.02,Kustanayskaya
2019,1,14.88,Kustanayskaya
2019,2,12.88,Kustanayskaya
2019,3,26.66,Kustanayskaya
2019,4,24.3,Kustanayskaya
2019,5,17.67,Kustanayskaya
2019,6,22.2,Kustanayskaya
2019,7,24.49,Kustanayskaya
2019,8,32.55,Kustanayskaya
2019,9,40.2,Kustanayskaya
2019,10,28.52,Kustanayskaya
2019,11,31.2,Kustanayskaya
2019,12,24.8,Kustanayskaya
2020,1,26.97,Kustanayskaya
2020,2,35.67,Kustanayskaya
2020,3,14.88,Kustanayskaya
2020,4,36.0,Kustanayskaya
2020,5,95.79,Kustanayskaya
2020,6,33.3,Kustanayskaya
2020,7,41.54,Kustanayskaya
2020,8,51.46,Kustanayskaya
2020,9,24.9,Kustanayskaya
2020,10,35.03,Kustanayskaya
2020,11,18.0,Kustanayskaya
2020,12,10.23,Kustanayskaya
2021,1,23.87,Kustanayskaya
2021,2,51.24,Kustanayskaya
2021,3,22.32,Kustanayskaya
2021,4,15.9,Kustanayskaya
2021,5,11.78,Kustanayskaya
2021,6,4.2,Kustanayskaya
2021,7,51.77,Kustanayskaya
2021,8,1.86,Kustanayskaya
2021,9,24.3,Kustanayskaya
2021,10,13.64,Kustanayskaya
2021,11,27.9,Kustanayskaya
2021,12,21.7,Kustanayskaya
2022,1,32.86,Kustanayskaya
2022,2,22.96,Kustanayskaya
2022,3,17.67,Kustanayskaya
2022,4,12.3,Kustanayskaya
2022,5,36.89,Kustanayskaya
2022,6,68.7,Kustanayskaya
2022,7,32.86,Kustanayskaya
2022,8,6.2,Kustanayskaya
2022,9,19.2,Kustanayskaya
2022,10,33.48,Kustanayskaya
2022,11,45.9,Kustanayskaya
2022,12,14.57,Kustanayskaya
2023,1,22.01,Kustanayskaya
2023,2,22.96,Kustanayskaya
2023,3,22.94,Kustanayskaya
2023,4,30.0,Kustanayskaya
2023,5,22.32,Kustanayskaya
2023,6,43.5,Kustanayskaya
2023,7,41.54,Kustanayskaya
2023,8,69.13,Kustanayskaya
2023,9,53.7,Kustanayskaya
2023,10,70.99,Kustanayskaya
2023,11,50.1,Kustanayskaya
2023,12,53.32,Kustanayskaya
2024,1,38.75,Kustanayskaya
2024,2,21.75,Kustanayskaya
2024,3,14.57,Kustanayskaya
2024,4,43.8,Kustanayskaya
2024,5,57.35,Kustanayskaya
2024,6,60.3,Kustanayskaya
2024,7,78.12,Kustanayskaya
2024,8,59.83,Kustanayskaya
2024,9,15.3,Kustanayskaya
2024,10,15.19,Kustanayskaya
2024,11,32.1,Kustanayskaya
2024,12,13.02,Kustanayskaya
2015,1,16.74,Kyzylordinskaya
2015,2,8.96,Kyzylordinskaya
2015,3,19.53,Kyzylordinskaya
2015,4,21.9,Kyzylordinskaya
2015,5,31.93,Kyzylordinskaya
2015,6,6.9,Kyzylordinskaya
2015,7,0.93,Kyzylordinskaya
2015,8,1.24,Kyzylordinskaya
2015,9,1.2,Kyzylordinskaya
2015,10,14.88,Kyzylordinskaya
2015,11,27.6,Kyzylordinskaya
2015,12,38.75,Kyzylordinskaya
2016,1,28.83,Kyzylordinskaya
2016,2,4.06,Kyzylordinskaya
2016,3,23.56,Kyzylordinskaya
2016,4,35.4,Kyzylordinskaya
2016,5,23.25,Kyzylordinskaya
2016,6,21.6,Kyzylordinskaya
2016,7,3.1,Kyzylordinskaya
2016,8,0.0,Kyzylordinskaya
2016,9,13.5,Kyzylordinskaya
2016,10,6.51,Kyzylordinskaya
2016,11,39.9,Kyzylordinskaya
2016,12,17.67,Kyzylordinskaya
2017,1,23.56,Kyzylordinskaya
2017,2,8.96,Kyzylordinskaya
2017,3,7.44,Kyzylordinskaya
2017,4,24.3,Kyzylordinskaya
2017,5,13.33,Kyzylordinskaya
2017,6,8.7,Kyzylordinskaya
2017,7,1.55,Kyzylordinskaya
2017,8,4.34,Kyzylordinskaya
2017,9,0.3,Kyzylordinskaya
2017,10,10.23,Kyzylordinskaya
2017,11,13.5,Kyzylordinskaya
2017,12,19.84,Kyzylordinskaya
2018,1,5.58,Kyzylordinskaya
2018,2,19.32,Kyzylordinskaya
2018,3,30.07,Kyzylordinskaya
2018,4,22.5,Kyzylordinskaya
2018,5,14.26,Kyzylordinskaya
2018,6,0.6,Kyzylordinskaya
2018,7,2.48,Kyzylordinskaya
2018,8,1.24,Kyzylordinskaya
2018,9,3.9,Kyzylordinskaya
2018,10,8.99,Kyzylordinskaya
2018,11,8.7,Kyzylordinskaya
2018,12,19.22,Kyzylordinskaya
2019,1,18.91,Kyzylordinskaya
2019,2,22.68,Kyzylordinskaya
2019,3,38.13,Kyzylordinskaya
2019,4,12.0,Kyzylordinskaya
2019,5,8.99,Kyzylordinskaya
2019,6,3.6,Kyzylordinskaya
2019,7,2.79,Kyzylordinskaya
2019,8,0.62,Kyzylordinskaya
2019,9,2.4,Kyzylordinskaya
2019,10,5.27,Kyzylordinskaya
2019,11,3.6,Kyzylordinskaya
2019,12,34.72,Kyzylordinskaya
2020,1,18.6,Kyzylordinskaya
2020,2,28.71,Kyzylordinskaya
2020,3,1.55,Kyzylordinskaya
2020,4,27.0,Kyzylordinskaya
2020,5,19.84,Kyzylordinskaya
2020,6,2.4,Kyzylordinskaya
2020,7,2.17,Kyzylordinskaya
2020,8,3.1,Kyzylordinskaya
2020,9,0.6,Kyzylordinskaya
2020,10,0.62,Kyzylordinskaya
2020,11,12.3,Kyzylordinskaya
2020,12,2.17,Kyzylordinskaya
2021,1,14.88,Kyzylordinskaya
2021,2,16.52,Kyzylordinskaya
2021,3,40.92,Kyzylordinskaya
2021,4,12.0,Kyzylordinskaya
2021,5,1.55,Kyzylordinskaya
2021,6,0.6,Kyzylordinskaya
2021,7,1.24,Kyzylordinskaya
2021,8,0.31,Kyzylordinskaya
2021,9,2.1,Kyzylordinskaya
2021,10,0.62,Kyzylordinskaya
2021,11,11.4,Kyzylordinskaya
2021,12,20.15,Kyzylordinskaya
2022,1,17.36,Kyzylordinskaya
2022,2,10.64,Kyzylordinskaya
2022,3,14.26,Kyzylordinskaya
2022,4,14.1,Kyzylordinskaya
2022,5,10.23,Kyzylordinskaya
2022,6,1.5,Kyzylordinskaya
2022,7,4.96,Kyzylordinskaya
2022,8,0.93,Kyzylordinskaya
2022,9,0.3,Kyzylordinskaya
2022,10,5.58,Kyzylordinskaya
2022,11,29.1,Kyzylordinskaya
2022,12,8.37,Kyzylordinskaya
2023,1,17.05,Kyzylordinskaya
2023,2,19.32,Kyzylordinskaya
2023,3,12.4,Kyzylordinskaya
2023,4,8.7,Kyzylordinskaya
2023,5,4.96,Kyzylordinskaya
2023,6,4.8,Kyzylordinskaya
2023,7,1.55,Kyzylordinskaya
2023,8,5.58,Kyzylordinskaya
2023,9,0.9,Kyzylordinskaya
2023,10,20.77,Kyzylordinskaya
2023,11,9.6,Kyzylordinskaya
2023,12,8.06,Kyzylordinskaya
2024,1,17.67,Kyzylordinskaya
2024,2,4.93,Kyzylordinskaya
2024,3,44.64,Kyzylordinskaya
2024,4,5.4,Kyzylordinskaya
2024,5,31.31,Kyzylordinskaya
2024,6,2.7,Kyzylordinskaya
2024,7,12.71,Kyzylordinskaya
2024,8,3.1,Kyzylordinskaya
2024,9,1.8,Kyzylordinskaya
2024,10,16.74,Kyzylordinskaya
2024,11,19.2,Kyzylordinskaya
2024,12,10.85,Kyzylordinskaya
2015,1,12.4,Mangistauskaya
2015,2,5.32,Mangistauskaya
2015,3,13.95,Mangistauskaya
2015,4,58.8,Mangistauskaya
2015,5,16.74,Mangistauskaya
2015,6,5.4,Mangistauskaya
2015,7,1.55,Mangistauskaya
2015,8,0.0,Mangistauskaya
2015,9,0.3,Mangistauskaya
2015,10,17.36,Mangistauskaya
2015,11,20.4,Mangistauskaya
2015,12,27.59,Mangistauskaya
2016,1,11.47,Mangistauskaya
2016,2,16.82,Mangistauskaya
2016,3,64.17,Mangistauskaya
2016,4,32.1,Mangistauskaya
2016,5,20.77,Mangistauskaya
2016,6,24.9,Mangistauskaya
2016,7,22.32,Mangistauskaya
2016,8,0.0,Mangistauskaya
2016,9,11.4,Mangistauskaya
2016,10,8.68,Mangistauskaya
2016,11,22.8,Mangistauskaya
2016,12,22.63,Mangistauskaya
2017,1,6.51,Mangistauskaya
2017,2,1.4,Mangistauskaya
2017,3,11.16,Mangistauskaya
2017,4,9.6,Mangistauskaya
2017,5,44.64,Mangistauskaya
2017,6,11.1,Mangistauskaya
2017,7,13.64,Mangistauskaya
2017,8,0.0,Mangistauskaya
2017,9,0.3,Mangistauskaya
2017,10,20.77,Mangistauskaya
2017,11,5.7,Mangistauskaya
2017,12,8.37,Mangistauskaya
2018,1,11.16,Mangistauskaya
2018,2,12.32,Mangistauskaya
2018,3,42.47,Mangistauskaya
2018,4,5.7,Mangistauskaya
2018,5,0.0,Mangistauskaya
2018,6,0.6,Mangistauskaya
2018,7,3.1,Mangistauskaya
2018,8,4.03,Mangistauskaya
2018,9,0.0,Mangistauskaya
2018,10,4.96,Mangistauskaya
2018,11,6.0,Mangistauskaya
2018,12,10.23,Mangistauskaya
2019,1,13.95,Mangistauskaya
2019,2,15.96,Mangistauskaya
2019,3,29.45,Mangistauskaya
2019,4,25.2,Mangistauskaya
2019,5,13.33,Mangistauskaya
2019,6,3.0,Mangistauskaya
2019,7,4.96,Mangistauskaya
2019,8,2.79,Mangistauskaya
2019,9,4.2,Mangistauskaya
2019,10,0.93,Mangistauskaya
2019,11,13.2,Mangistauskaya
2019,12,1.55,Mangistauskaya
2020,1,4.34,Mangistauskaya
2020,2,4.06,Mangistauskaya
2020,3,1.86,Mangistauskaya
2020,4,13.5,Mangistauskaya
2020,5,23.87,Mangistauskaya
2020,6,0.3,Mangistauskaya
2020,7,12.09,Mangistauskaya
2020,8,4.34,Mangistauskaya
2020,9,7.8,Mangistauskaya
2020,10,0.31,Mangistauskaya
2020,11,3.3,Mangistauskaya
2020,12,0.62,Mangistauskaya
2021,1,0.62,Mangistauskaya
2021,2,3.64,Mangistauskaya
2021,3,8.99,Mangistauskaya
2021,4,1.5,Mangistauskaya
2021,5,2.17,Mangistauskaya
2021,6,3.0,Mangistauskaya
2021,7,2.79,Mangistauskaya
2021,8,0.0,Mangistauskaya
2021,9,0.6,Mangistauskaya
2021,10,0.62,Mangistauskaya
2021,11,1.8,Mangistauskaya
2021,12,1.55,Mangistauskaya
2022,1,3.1,Mangistauskaya
2022,2,1.96,Mangistauskaya
2022,3,8.99,Mangistauskaya
2022,4,0.3,Mangistauskaya
2022,5,11.47,Mangistauskaya
2022,6,1.2,Mangistauskaya
2022,7,4.34,Mangistauskaya
2022,8,0.31,Mangistauskaya
2022,9,3.0,Mangistauskaya
2022,10,3.41,Mangistauskaya
2022,11,14.1,Mangistauskaya
2022,12,7.44,Mangistauskaya
2023,1,1.24,Mangistauskaya
2023,2,6.72,Mangistauskaya
2023,3,2.48,Mangistauskaya
2023,4,19.2,Mangistauskaya
2023,5,50.84,Mangistauskaya
2023,6,12.6,Mangistauskaya
2023,7,4.65,Mangistauskaya
2023,8,5.58,Mangistauskaya
2023,9,14.4,Mangistauskaya
2023,10,11.16,Mangistauskaya
2023,11,6.9,Mangistauskaya
2023,12,9.3,Mangistauskaya
2024,1,16.12,Mangistauskaya
2024,2,2.32,Mangistauskaya
2024,3,13.64,Mangistauskaya
2024,4,0.3,Mangistauskaya
2024,5,19.84,Mangistauskaya
2024,6,21.6,Mangistauskaya
2024,7,10.85,Mangistauskaya
2024,8,0.93,Mangistauskaya
2024,9,3.9,Mangistauskaya
2024,10,21.08,Mangistauskaya
2024,11,23.4,Mangistauskaya
2024,12,11.16,Mangistauskaya
2015,1,15.19,Pavlodarskaya
2015,2,8.4,Pavlodarskaya
2015,3,29.14,Pavlodarskaya
2015,4,16.2,Pavlodarskaya
2015,5,28.52,Pavlodarskaya
2015,6,45.9,Pavlodarskaya
2015,7,45.88,Pavlodarskaya
2015,8,43.4,Pavlodarskaya
2015,9,24.0,Pavlodarskaya
2015,10,35.03,Pavlodarskaya
2015,11,31.5,Pavlodarskaya
2015,12,27.59,Pavlodarskaya
2016,1,9.61,Pavlodarskaya
2016,2,10.44,Pavlodarskaya
2016,3,11.16,Pavlodarskaya
2016,4,13.8,Pavlodarskaya
2016,5,22.01,Pavlodarskaya
2016,6,54.3,Pavlodarskaya
2016,7,84.32,Pavlodarskaya
2016,8,11.78,Pavlodarskaya
2016,9,11.4,Pavlodarskaya
2016,10,49.29,Pavlodarskaya
2016,11,35.4,Pavlodarskaya
2016,12,40.3,Pavlodarskaya
2017,1,17.98,Pavlodarskaya
2017,2,19.6,Pavlodarskaya
2017,3,18.91,Pavlodarskaya
2017,4,15.3,Pavlodarskaya
2017,5,35.96,Pavlodarskaya
2017,6,35.1,Pavlodarskaya
2017,7,66.65,Pavlodarskaya
2017,8,22.94,Pavlodarskaya
2017,9,26.1,Pavlodarskaya
2017,10,35.65,Pavlodarskaya
2017,11,18.9,Pavlodarskaya
2017,12,27.9,Pavlodarskaya
2018,1,9.61,Pavlodarskaya
2018,2,9.8,Pavlodarskaya
2018,3,29.76,Pavlodarskaya
2018,4,51.3,Pavlodarskaya
2018,5,53.63,Pavlodarskaya
2018,6,48.9,Pavlodarskaya
2018,7,48.98,Pavlodarskaya
2018,8,46.5,Pavlodarskaya
2018,9,43.5,Pavlodarskaya
2018,10,39.68,Pavlodarskaya
2018,11,30.3,Pavlodarskaya
2018,12,11.47,Pavlodarskaya
2019,1,4.96,Pavlodarskaya
2019,2,17.92,Pavlodarskaya
2019,3,12.09,Pavlodarskaya
2019,4,34.8,Pavlodarskaya
2019,5,12.09,Pavlodarskaya
2019,6,69.6,Pavlodarskaya
2019,7,25.11,Pavlodarskaya
2019,8,15.19,Pavlodarskaya
2019,9,23.7,Pavlodarskaya
2019,10,22.94,Pavlodarskaya
2019,11,16.2,Pavlodarskaya
2019,12,31.0,Pavlodarskaya
2020,1,31.62,Pavlodarskaya
2020,2,29.87,Pavlodarskaya
2020,3,7.44,Pavlodarskaya
2020,4,13.8,Pavlodarskaya
2020,5,12.71,Pavlodarskaya
2020,6,18.3,Pavlodarskaya
2020,7,53.32,Pavlodarskaya
2020,8,14.88,Pavlodarskaya
2020,9,35.4,Pavlodarskaya
2020,10,23.87,Pavlodarskaya
2020,11,28.5,Pavlodarskaya
2020,12,20.46,Pavlodarskaya
2021,1,13.02,Pavlodarskaya
2021,2,26.32,Pavlodarskaya
2021,3,28.52,Pavlodarskaya
2021,4,9.0,Pavlodarskaya
2021,5,5.58,Pavlodarskaya
2021,6,60.9,Pavlodarskaya
2021,7,35.96,Pavlodarskaya
2021,8,37.82,Pavlodarskaya
2021,9,27.6,Pavlodarskaya
2021,10,25.42,Pavlodarskaya
2021,11,26.7,Pavlodarskaya
2021,12,19.22,Pavlodarskaya
2022,1,16.12,Pavlodarskaya
2022,2,12.88,Pavlodarskaya
2022,3,19.53,Pavlodarskaya
2022,4,16.5,Pavlodarskaya
2022,5,13.02,Pavlodarskaya
2022,6,35.4,Pavlodarskaya
2022,7,47.43,Pavlodarskaya
2022,8,21.08,Pavlodarskaya
2022,9,11.7,Pavlodarskaya
2022,10,14.88,Pavlodarskaya
2022,11,24.9,Pavlodarskaya
2022,12,21.7,Pavlodarskaya
2023,1,21.7,Pavlodarskaya
2023,2,12.32,Pavlodarskaya
2023,3,20.77,Pavlodarskaya
2023,4,18.3,Pavlodarskaya
2023,5,9.3,Pavlodarskaya
2023,6,25.2,Pavlodarskaya
2023,7,33.79,Pavlodarskaya
2023,8,62.31,Pavlodarskaya
2023,9,48.9,Pavlodarskaya
2023,10,31.31,Pavlodarskaya
2023,11,30.9,Pavlodarskaya
2023,12,40.3,Pavlodarskaya
2024,1,20.46,Pavlodarskaya
2024,2,33.06,Pavlodarskaya
2024,3,21.39,Pavlodarskaya
2024,4,26.1,Pavlodarskaya
2024,5,113.15,Pavlodarskaya
2024,6,38.1,Pavlodarskaya
2024,7,70.37,Pavlodarskaya
2024,8,91.76,Pavlodarskaya
2024,9,48.6,Pavlodarskaya
2024,10,22.32,Pavlodarskaya
2024,11,27.0,Pavlodarskaya
2024,12,13.64,Pavlodarskaya
2015,1,22.63,Severo-kazachstanskaya
2015,2,16.8,Severo-kazachstanskaya
2015,3,18.6,Severo-kazachstanskaya
2015,4,26.7,Severo-kazachstanskaya
2015,5,68.2,Severo-kazachstanskaya
2015,6,51.3,Severo-kazachstanskaya
2015,7,65.41,Severo-kazachstanskaya
2015,8,38.44,Severo-kazachstanskaya
2015,9,49.2,Severo-kazachstanskaya
2015,10,63.55,Severo-kazachstanskaya
2015,11,40.2,Severo-kazachstanskaya
2015,12,37.51,Severo-kazachstanskaya
2016,1,12.4,Severo-kazachstanskaya
2016,2,21.46,Severo-kazachstanskaya
2016,3,35.65,Severo-kazachstanskaya
2016,4,24.9,Severo-kazachstanskaya
2016,5,15.5,Severo-kazachstanskaya
2016,6,112.2,Severo-kazachstanskaya
2016,7,101.99,Severo-kazachstanskaya
2016,8,22.32,Severo-kazachstanskaya
2016,9,47.1,Severo-kazachstanskaya
2016,10,37.51,Severo-kazachstanskaya
2016,11,38.1,Severo-kazachstanskaya
2016,12,41.23,Severo-kazachstanskaya
2017,1,19.53,Severo-kazachstanskaya
2017,2,18.2,Severo-kazachstanskaya
2017,3,19.22,Severo-kazachstanskaya
2017,4,27.9,Severo-kazachstanskaya
2017,5,37.82,Severo-kazachstanskaya
2017,6,44.1,Severo-kazachstanskaya
2017,7,59.21,Severo-kazachstanskaya
2017,8,21.08,Severo-kazachstanskaya
2017,9,20.4,Severo-kazachstanskaya
2017,10,45.57,Severo-kazachstanskaya
2017,11,15.3,Severo-kazachstanskaya
2017,12,14.57,Severo-kazachstanskaya
2018,1,11.78,Severo-kazachstanskaya
2018,2,8.96,Severo-kazachstanskaya
2018,3,30.38,Severo-kazachstanskaya
2018,4,27.9,Severo-kazachstanskaya
2018,5,63.55,Severo-kazachstanskaya
2018,6,70.2,Severo-kazachstanskaya
2018,7,74.09,Severo-kazachstanskaya
2018,8,154.07,Severo-kazachstanskaya
2018,9,21.3,Severo-kazachstanskaya
2018,10,49.91,Severo-kazachstanskaya
2018,11,39.0,Severo-kazachstanskaya
2018,12,17.98,Severo-kazachstanskaya
2019,1,13.95,Severo-kazachstanskaya
2019,2,22.68,Severo-kazachstanskaya
2019,3,21.39,Severo-kazachstanskaya
2019,4,39.3,Severo-kazachstanskaya
2019,5,30.38,Severo-kazachstanskaya
2019,6,64.2,Severo-kazachstanskaya
2019,7,31.62,Severo-kazachstanskaya
2019,8,46.5,Severo-kazachstanskaya
2019,9,57.9,Severo-kazachstanskaya
2019,10,42.47,Severo-kazachstanskaya
2019,11,12.3,Severo-kazachstanskaya
2019,12,27.9,Severo-kazachstanskaya
2020,1,32.24,Severo-kazachstanskaya
2020,2,35.38,Severo-kazachstanskaya
2020,3,20.77,Severo-kazachstanskaya
2020,4,42.9,Severo-kazachstanskaya
2020,5,26.35,Severo-kazachstanskaya
2020,6,47.1,Severo-kazachstanskaya
2020,7,42.78,Severo-kazachstanskaya
2020,8,37.2,Severo-kazachstanskaya
2020,9,32.7,Severo-kazachstanskaya
2020,10,35.34,Severo-kazachstanskaya
2020,11,17.1,Severo-kazachstanskaya
2020,12,16.43,Severo-kazachstanskaya
2021,1,28.83,Severo-kazachstanskaya
2021,2,35.56,Severo-kazachstanskaya
2021,3,23.87,Severo-kazachstanskaya
2021,4,15.3,Severo-kazachstanskaya
2021,5,20.15,Severo-kazachstanskaya
2021,6,25.8,Severo-kazachstanskaya
2021,7,58.59,Severo-kazachstanskaya
2021,8,41.23,Severo-kazachstanskaya
2021,9,27.3,Severo-kazachstanskaya
2021,10,19.53,Severo-kazachstanskaya
2021,11,20.1,Severo-kazachstanskaya
2021,12,18.6,Severo-kazachstanskaya
2022,1,17.67,Severo-kazachstanskaya
2022,2,11.76,Severo-kazachstanskaya
2022,3,17.98,Severo-kazachstanskaya
2022,4,10.8,Severo-kazachstanskaya
2022,5,25.11,Severo-kazachstanskaya
2022,6,47.7,Severo-kazachstanskaya
2022,7,80.91,Severo-kazachstanskaya
2022,8,24.18,Severo-kazachstanskaya
2022,9,24.6,Severo-kazachstanskaya
2022,10,28.21,Severo-kazachstanskaya
2022,11,56.4,Severo-kazachstanskaya
2022,12,13.02,Severo-kazachstanskaya
2023,1,20.77,Severo-kazachstanskaya
2023,2,19.04,Severo-kazachstanskaya
2023,3,26.04,Severo-kazachstanskaya
2023,4,3.6,Severo-kazachstanskaya
2023,5,29.76,Severo-kazachstanskaya
2023,6,52.5,Severo-kazachstanskaya
2023,7,21.08,Severo-kazachstanskaya
2023,8,54.56,Severo-kazachstanskaya
2023,9,84.3,Severo-kazachstanskaya
2023,10,47.43,Severo-kazachstanskaya
2023,11,64.5,Severo-kazachstanskaya
2023,12,50.53,Severo-kazachstanskaya
2024,1,32.86,Severo-kazachstanskaya
2024,2,19.14,Severo-kazachstanskaya
2024,3,18.6,Severo-kazachstanskaya
2024,4,26.7,Severo-kazachstanskaya
2024,5,52.7,Severo-kazachstanskaya
2024,6,101.7,Severo-kazachstanskaya
2024,7,78.74,Severo-kazachstanskaya
2024,8,84.63,Severo-kazachstanskaya
2024,9,27.3,Severo-kazachstanskaya
2024,10,24.18,Severo-kazachstanskaya
2024,11,36.9,Severo-kazachstanskaya
2024,12,18.29,Severo-kazachstanskaya
2015,1,26.04,Vostochno-kazachstanskaya
2015,2,22.96,Vostochno-kazachstanskaya
2015,3,35.03,Vostochno-kazachstanskaya
2015,4,22.2,Vostochno-kazachstanskaya
2015,5,40.3,Vostochno-kazachstanskaya
2015,6,21.3,Vostochno-kazachstanskaya
2015,7,22.63,Vostochno-kazachstanskaya
2015,8,24.8,Vostochno-kazachstanskaya
2015,9,30.6,Vostochno-kazachstanskaya
2015,10,23.56,Vostochno-kazachstanskaya
2015,11,36.0,Vostochno-kazachstanskaya
2015,12,37.82,Vostochno-kazachstanskaya
2016,1,17.67,Vostochno-kazachstanskaya
2016,2,19.43,Vostochno-kazachstanskaya
2016,3,22.63,Vostochno-kazachstanskaya
2016,4,20.7,Vostochno-kazachstanskaya
2016,5,31.62,Vostochno-kazachstanskaya
2016,6,81.3,Vostochno-kazachstanskaya
2016,7,78.43,Vostochno-kazachstanskaya
2016,8,15.5,Vostochno-kazachstanskaya
2016,9,8.7,Vostochno-kazachstanskaya
2016,10,41.23,Vostochno-kazachstanskaya
2016,11,65.7,Vostochno-kazachstanskaya
2016,12,21.39,Vostochno-kazachstanskaya
2017,1,15.19,Vostochno-kazachstanskaya
2017,2,15.96,Vostochno-kazachstanskaya
2017,3,17.67,Vostochno-kazachstanskaya
2017,4,21.0,Vostochno-kazachstanskaya
2017,5,6.82,Vostochno-kazachstanskaya
2017,6,33.6,Vostochno-kazachstanskaya
2017,7,36.58,Vostochno-kazachstanskaya
2017,8,9.3,Vostochno-kazachstanskaya
2017,9,27.3,Vostochno-kazachstanskaya
2017,10,22.63,Vostochno-kazachstanskaya
2017,11,15.6,Vostochno-kazachstanskaya
2017,12,16.74,Vostochno-kazachstanskaya
2018,1,3.1,Vostochno-kazachstanskaya
2018,2,11.48,Vostochno-kazachstanskaya
2018,3,59.52,Vostochno-kazachstanskaya
2018,4,33.0,Vostochno-kazachstanskaya
2018,5,57.35,Vostochno-kazachstanskaya
2018,6,20.4,Vostochno-kazachstanskaya
2018,7,36.27,Vostochno-kazachstanskaya
2018,8,44.02,Vostochno-kazachstanskaya
2018,9,27.9,Vostochno-kazachstanskaya
2018,10,27.9,Vostochno-kazachstanskaya
2018,11,42.6,Vostochno-kazachstanskaya
2018,12,9.92,Vostochno-kazachstanskaya
2019,1,18.6,Vostochno-kazachstanskaya
2019,2,10.36,Vostochno-kazachstanskaya
2019,3,6.2,Vostochno-kazachstanskaya
2019,4,16.8,Vostochno-kazachstanskaya
2019,5,42.16,Vostochno-kazachstanskaya
2019,6,50.7,Vostochno-kazachstanskaya
2019,7,31.62,Vostochno-kazachstanskaya
2019,8,21.39,Vostochno-kazachstanskaya
2019,9,12.3,Vostochno-kazachstanskaya
2019,10,28.21,Vostochno-kazachstanskaya
2019,11,33.6,Vostochno-kazachstanskaya
2019,12,26.97,Vostochno-kazachstanskaya
2020,1,24.49,Vostochno-kazachstanskaya
2020,2,26.68,Vostochno-kazachstanskaya
2020,3,8.37,Vostochno-kazachstanskaya
2020,4,30.0,Vostochno-kazachstanskaya
2020,5,11.16,Vostochno-kazachstanskaya
2020,6,34.5,Vostochno-kazachstanskaya
2020,7,65.1,Vostochno-kazachstanskaya
2020,8,14.57,Vostochno-kazachstanskaya
2020,9,26.7,Vostochno-kazachstanskaya
2020,10,27.28,Vostochno-kazachstanskaya
2020,11,23.4,Vostochno-kazachstanskaya
2020,12,12.4,Vostochno-kazachstanskaya
2021,1,12.4,Vostochno-kazachstanskaya
2021,2,15.68,Vostochno-kazachstanskaya
2021,3,32.55,Vostochno-kazachstanskaya
2021,4,10.5,Vostochno-kazachstanskaya
2021,5,18.91,Vostochno-kazachstanskaya
2021,6,45.9,Vostochno-kazachstanskaya
2021,7,21.39,Vostochno-kazachstanskaya
2021,8,39.37,Vostochno-kazachstanskaya
2021,9,8.4,Vostochno-kazachstanskaya
2021,10,29.14,Vostochno-kazachstanskaya
2021,11,32.1,Vostochno-kazachstanskaya
2021,12,21.39,Vostochno-kazachstanskaya
2022,1,25.73,Vostochno-kazachstanskaya
2022,2,7.28,Vostochno-kazachstanskaya
2022,3,39.06,Vostochno-kazachstanskaya
2022,4,9.3,Vostochno-kazachstanskaya
2022,5,16.74,Vostochno-kazachstanskaya
2022,6,24.3,Vostochno-kazachstanskaya
2022,7,19.53,Vostochno-kazachstanskaya
2022,8,10.23,Vostochno-kazachstanskaya
2022,9,7.5,Vostochno-kazachstanskaya
2022,10,12.4,Vostochno-kazachstanskaya
2022,11,34.2,Vostochno-kazachstanskaya
2022,12,13.02,Vostochno-kazachstanskaya
2023,1,23.56,Vostochno-kazachstanskaya
2023,2,29.12,Vostochno-kazachstanskaya
2023,3,36.58,Vostochno-kazachstanskaya
2023,4,38.4,Vostochno-kazachstanskaya
2023,5,15.5,Vostochno-kazachstanskaya
2023,6,13.8,Vostochno-kazachstanskaya
2023,7,21.39,Vostochno-kazachstanskaya
2023,8,60.45,Vostochno-kazachstanskaya
2023,9,49.2,Vostochno-kazachstanskaya
2023,10,47.43,Vostochno-kazachstanskaya
2023,11,18.6,Vostochno-kazachstanskaya
2023,12,26.04,Vostochno-kazachstanskaya
2024,1,17.36,Vostochno-kazachstanskaya
2024,2,47.27,Vostochno-kazachstanskaya
2024,3,8.37,Vostochno-kazachstanskaya
2024,4,14.1,Vostochno-kazachstanskaya
2024,5,58.59,Vostochno-kazachstanskaya
2024,6,67.8,Vostochno-kazachstanskaya
2024,7,54.56,Vostochno-kazachstanskaya
2024,8,18.6,Vostochno-kazachstanskaya
2024,9,33.3,Vostochno-kazachstanskaya
2024,10,23.25,Vostochno-kazachstanskaya
2024,11,40.8,Vostochno-kazachstanskaya
2024,12,25.73,Vostochno-kazachstanskaya
2015,1,52.08,Yujno-kazachstanskaya
2015,2,59.08,Yujno-kazachstanskaya
2015,3,40.92,Yujno-kazachstanskaya
2015,4,24.6,Yujno-kazachstanskaya
2015,5,17.67,Yujno-kazachstanskaya
2015,6,9.0,Yujno-kazachstanskaya
2015,7,0.0,Yujno-kazachstanskaya
2015,8,4.96,Yujno-kazachstanskaya
2015,9,5.7,Yujno-kazachstanskaya
2015,10,53.63,Yujno-kazachstanskaya
2015,11,56.1,Yujno-kazachstanskaya
2015,12,40.3,Yujno-kazachstanskaya
2016,1,52.7,Yujno-kazachstanskaya
2016,2,2.9,Yujno-kazachstanskaya
2016,3,67.58,Yujno-kazachstanskaya
2016,4,29.1,Yujno-kazachstanskaya
2016,5,39.68,Yujno-kazachstanskaya
2016,6,27.0,Yujno-kazachstanskaya
2016,7,6.82,Yujno-kazachstanskaya
2016,8,1.24,Yujno-kazachstanskaya
2016,9,0.9,Yujno-kazachstanskaya
2016,10,36.58,Yujno-kazachstanskaya
2016,11,30.6,Yujno-kazachstanskaya
2016,12,77.19,Yujno-kazachstanskaya
2017,1,53.32,Yujno-kazachstanskaya
2017,2,93.8,Yujno-kazachstanskaya
2017,3,43.71,Yujno-kazachstanskaya
2017,4,38.4,Yujno-kazachstanskaya
2017,5,22.94,Yujno-kazachstanskaya
2017,6,6.0,Yujno-kazachstanskaya
2017,7,0.31,Yujno-kazachstanskaya
2017,8,1.55,Yujno-kazachstanskaya
2017,9,5.7,Yujno-kazachstanskaya
2017,10,24.49,Yujno-kazachstanskaya
2017,11,20.4,Yujno-kazachstanskaya
2017,12,34.1,Yujno-kazachstanskaya
2018,1,10.54,Yujno-kazachstanskaya
2018,2,43.4,Yujno-kazachstanskaya
2018,3,49.29,Yujno-kazachstanskaya
2018,4,22.8,Yujno-kazachstanskaya
2018,5,15.81,Yujno-kazachstanskaya
2018,6,7.2,Yujno-kazachstanskaya
2018,7,0.0,Yujno-kazachstanskaya
2018,8,0.62,Yujno-kazachstanskaya
2018,9,0.3,Yujno-kazachstanskaya
2018,10,21.7,Yujno-kazachstanskaya
2018,11,42.6,Yujno-kazachstanskaya
2018,12,23.87,Yujno-kazachstanskaya
2019,1,39.06,Yujno-kazachstanskaya
2019,2,22.68,Yujno-kazachstanskaya
2019,3,38.75,Yujno-kazachstanskaya
2019,4,71.4,Yujno-kazachstanskaya
2019,5,8.06,Yujno-kazachstanskaya
2019,6,9.3,Yujno-kazachstanskaya
2019,7,0.31,Yujno-kazachstanskaya
2019,8,0.0,Yujno-kazachstanskaya
2019,9,1.8,Yujno-kazachstanskaya
2019,10,5.27,Yujno-kazachstanskaya
2019,11,12.9,Yujno-kazachstanskaya
2019,12,26.97,Yujno-kazachstanskaya
2020,1,27.9,Yujno-kazachstanskaya
2020,2,47.27,Yujno-kazachstanskaya
2020,3,5.58,Yujno-kazachstanskaya
2020,4,63.9,Yujno-kazachstanskaya
2020,5,37.82,Yujno-kazachstanskaya
2020,6,1.5,Yujno-kazachstanskaya
2020,7,1.24,Yujno-kazachstanskaya
2020,8,8.37,Yujno-kazachstanskaya
2020,9,0.9,Yujno-kazachstanskaya
2020,10,0.0,Yujno-kazachstanskaya
2020,11,24.0,Yujno-kazachstanskaya
2020,12,30.07,Yujno-kazachstanskaya
2021,1,11.47,Yujno-kazachstanskaya
2021,2,22.4,Yujno-kazachstanskaya
2021,3,74.4,Yujno-kazachstanskaya
2021,4,13.5,Yujno-kazachstanskaya
2021,5,8.06,Yujno-kazachstanskaya
2021,6,0.9,Yujno-kazachstanskaya
2021,7,0.93,Yujno-kazachstanskaya
2021,8,0.0,Yujno-kazachstanskaya
2021,9,0.0,Yujno-kazachstanskaya
2021,10,13.95,Yujno-kazachstanskaya
2021,11,5.1,Yujno-kazachstanskaya
2021,12,25.11,Yujno-kazachstanskaya
2022,1,46.5,Yujno-kazachstanskaya
2022,2,19.04,Yujno-kazachstanskaya
2022,3,105.71,Yujno-kazachstanskaya
2022,4,7.5,Yujno-kazachstanskaya
2022,5,43.09,Yujno-kazachstanskaya
2022,6,7.2,Yujno-kazachstanskaya
2022,7,0.0,Yujno-kazachstanskaya
2022,8,0.62,Yujno-kazachstanskaya
2022,9,0.0,Yujno-kazachstanskaya
2022,10,35.65,Yujno-kazachstanskaya
2022,11,70.8,Yujno-kazachstanskaya
2022,12,9.92,Yujno-kazachstanskaya
2023,1,36.89,Yujno-kazachstanskaya
2023,2,46.48,Yujno-kazachstanskaya
2023,3,19.22,Yujno-kazachstanskaya
2023,4,20.1,Yujno-kazachstanskaya
2023,5,8.37,Yujno-kazachstanskaya
2023,6,0.0,Yujno-kazachstanskaya
2023,7,1.55,Yujno-kazachstanskaya
2023,8,21.39,Yujno-kazachstanskaya
2023,9,0.6,Yujno-kazachstanskaya
2023,10,19.53,Yujno-kazachstanskaya
2023,11,34.8,Yujno-kazachstanskaya
2023,12,26.35,Yujno-kazachstanskaya
2024,1,37.82,Yujno-kazachstanskaya
2024,2,33.35,Yujno-kazachstanskaya
2024,3,59.21,Yujno-kazachstanskaya
2024,4,25.5,Yujno-kazachstanskaya
2024,5,43.4,Yujno-kazachstanskaya
2024,6,0.6,Yujno-kazachstanskaya
2024,7,10.23,Yujno-kazachstanskaya
2024,8,0.0,Yujno-kazachstanskaya
2024,9,0.9,Yujno-kazachstanskaya
2024,10,36.58,Yujno-kazachstanskaya
2024,11,33.3,Yujno-kazachstanskaya
2024,12,27.59,Yujno-kazachstanskaya
2015,1,27.9,Zapadno-kazachstanskaya
2015,2,12.04,Zapadno-kazachstanskaya
2015,3,6.51,Zapadno-kazachstanskaya
2015,4,30.3,Zapadno-kazachstanskaya
2015,5,22.94,Zapadno-kazachstanskaya
2015,6,4.8,Zapadno-kazachstanskaya
2015,7,16.43,Zapadno-kazachstanskaya
2015,8,5.89,Zapadno-kazachstanskaya
2015,9,16.2,Zapadno-kazachstanskaya
2015,10,9.61,Zapadno-kazachstanskaya
2015,11,50.1,Zapadno-kazachstanskaya
2015,12,39.06,Zapadno-kazachstanskaya
2016,1,47.43,Zapadno-kazachstanskaya
2016,2,26.39,Zapadno-kazachstanskaya
2016,3,31.93,Zapadno-kazachstanskaya
2016,4,64.2,Zapadno-kazachstanskaya
2016,5,63.24,Zapadno-kazachstanskaya
2016,6,36.9,Zapadno-kazachstanskaya
2016,7,35.03,Zapadno-kazachstanskaya
2016,8,6.82,Zapadno-kazachstanskaya
2016,9,66.0,Zapadno-kazachstanskaya
2016,10,26.04,Zapadno-kazachstanskaya
2016,11,28.8,Zapadno-kazachstanskaya
2016,12,41.23,Zapadno-kazachstanskaya
2017,1,11.47,Zapadno-kazachstanskaya
2017,2,35.0,Zapadno-kazachstanskaya
2017,3,22.63,Zapadno-kazachstanskaya
2017,4,34.5,Zapadno-kazachstanskaya
2017,5,31.62,Zapadno-kazachstanskaya
2017,6,36.3,Zapadno-kazachstanskaya
2017,7,8.37,Zapadno-kazachstanskaya
2017,8,2.79,Zapadno-kazachstanskaya
2017,9,5.7,Zapadno-kazachstanskaya
2017,10,35.34,Zapadno-kazachstanskaya
2017,11,31.2,Zapadno-kazachstanskaya
2017,12,30.07,Zapadno-kazachstanskaya
2018,1,8.68,Zapadno-kazachstanskaya
2018,2,19.04,Zapadno-kazachstanskaya
2018,3,45.57,Zapadno-kazachstanskaya
2018,4,22.2,Zapadno-kazachstanskaya
2018,5,35.96,Zapadno-kazachstanskaya
2018,6,5.4,Zapadno-kazachstanskaya
2018,7,31.93,Zapadno-kazachstanskaya
2018,8,7.44,Zapadno-kazachstanskaya
2018,9,15.6,Zapadno-kazachstanskaya
2018,10,17.98,Zapadno-kazachstanskaya
2018,11,24.0,Zapadno-kazachstanskaya
2018,12,45.57,Zapadno-kazachstanskaya
2019,1,29.45,Zapadno-kazachstanskaya
2019,2,17.92,Zapadno-kazachstanskaya
2019,3,39.06,Zapadno-kazachstanskaya
2019,4,26.1,Zapadno-kazachstanskaya
2019,5,13.95,Zapadno-kazachstanskaya
2019,6,27.6,Zapadno-kazachstanskaya
2019,7,45.57,Zapadno-kazachstanskaya
2019,8,8.37,Zapadno-kazachstanskaya
2019,9,27.3,Zapadno-kazachstanskaya
2019,10,15.19,Zapadno-kazachstanskaya
2019,11,5.4,Zapadno-kazachstanskaya
2019,12,21.39,Zapadno-kazachstanskaya
2020,1,16.74,Zapadno-kazachstanskaya
2020,2,39.44,Zapadno-kazachstanskaya
2020,3,7.75,Zapadno-kazachstanskaya
2020,4,17.1,Zapadno-kazachstanskaya
2020,5,21.39,Zapadno-kazachstanskaya
2020,6,72.3,Zapadno-kazachstanskaya
2020,7,19.84,Zapadno-kazachstanskaya
2020,8,34.41,Zapadno-kazachstanskaya
2020,9,27.9,Zapadno-kazachstanskaya
2020,10,9.92,Zapadno-kazachstanskaya
2020,11,19.5,Zapadno-kazachstanskaya
2020,12,15.81,Zapadno-kazachstanskaya
2021,1,23.87,Zapadno-kazachstanskaya
2021,2,40.32,Zapadno-kazachstanskaya
2021,3,38.13,Zapadno-kazachstanskaya
2021,4,42.6,Zapadno-kazachstanskaya
2021,5,15.19,Zapadno-kazachstanskaya
2021,6,21.9,Zapadno-kazachstanskaya
2021,7,27.59,Zapadno-kazachstanskaya
2021,8,1.24,Zapadno-kazachstanskaya
2021,9,34.8,Zapadno-kazachstanskaya
2021,10,11.78,Zapadno-kazachstanskaya
2021,11,32.7,Zapadno-kazachstanskaya
2021,12,48.05,Zapadno-kazachstanskaya
2022,1,34.72,Zapadno-kazachstanskaya
2022,2,15.68,Zapadno-kazachstanskaya
2022,3,45.57,Zapadno-kazachstanskaya
2022,4,33.3,Zapadno-kazachstanskaya
2022,5,83.7,Zapadno-kazachstanskaya
2022,6,3.9,Zapadno-kazachstanskaya
2022,7,65.72,Zapadno-kazachstanskaya
2022,8,4.96,Zapadno-kazachstanskaya
2022,9,24.9,Zapadno-kazachstanskaya
2022,10,46.5,Zapadno-kazachstanskaya
2022,11,50.7,Zapadno-kazachstanskaya
2022,12,18.91,Zapadno-kazachstanskaya
2023,1,15.5,Zapadno-kazachstanskaya
2023,2,45.36,Zapadno-kazachstanskaya
2023,3,19.22,Zapadno-kazachstanskaya
2023,4,39.9,Zapadno-kazachstanskaya
2023,5,92.69,Zapadno-kazachstanskaya
2023,6,21.0,Zapadno-kazachstanskaya
2023,7,60.45,Zapadno-kazachstanskaya
2023,8,6.51,Zapadno-kazachstanskaya
2023,9,17.1,Zapadno-kazachstanskaya
2023,10,80.29,Zapadno-kazachstanskaya
2023,11,58.5,Zapadno-kazachstanskaya
2023,12,42.78,Zapadno-kazachstanskaya
2024,1,48.67,Zapadno-kazachstanskaya
2024,2,18.85,Zapadno-kazachstanskaya
2024,3,27.9,Zapadno-kazachstanskaya
2024,4,17.4,Zapadno-kazachstanskaya
2024,5,25.73,Zapadno-kazachstanskaya
2024,6,43.2,Zapadno-kazachstanskaya
2024,7,60.76,Zapadno-kazachstanskaya
2024,8,5.58,Zapadno-kazachstanskaya
2024,9,0.0,Zapadno-kazachstanskaya
2024,10,39.68,Zapadno-kazachstanskaya
2024,11,28.5,Zapadno-kazachstanskaya
2024,12,20.15,Zapadno-kazachstanskaya
