year,month,rainfall_mm,temp_c,oblast
2015,1,27.59,-16.28,Akmolinskaya
2015,2,13.16,-13.95,Akmolinskaya
2015,3,27.28,-7.4,Akmolinskaya
2015,4,38.4,4.18,Akmolinskaya
2015,5,69.75,14.75,Akmolinskaya
2015,6,41.7,21.2,Akmolinskaya
2015,7,41.54,20.99,Akmolinskaya
2015,8,26.97,18.08,Akmolinskaya
2015,9,12.3,11.93,Akmolinskaya
2015,10,27.28,2.37,Akmolinskaya
2015,11,30.9,-6.96,Akmolinskaya
2015,12,44.64,-8.99,Akmolinskaya
2016,1,28.52,-17.7,Akmolinskaya
2016,2,12.18,-10.04,Akmolinskaya
2016,3,32.86,-2.44,Akmolinskaya
2016,4,32.7,8.11,Akmolinskaya
2016,5,26.97,13.08,Akmolinskaya
2016,6,42.9,18.08,Akmolinskaya
2016,7,63.86,19.82,Akmolinskaya
2016,8,8.68,20.58,Akmolinskaya
2016,9,45.0,13.76,Akmolinskaya
2016,10,31.93,-0.52,Akmolinskaya
2016,11,27.6,-12.28,Akmolinskaya
2016,12,53.63,-12.78,Akmolinskaya
2017,1,17.98,-13.41,Akmolinskaya
2017,2,18.76,-14.27,Akmolinskaya
2017,3,18.91,-7.95,Akmolinskaya
2017,4,20.4,5.22,Akmolinskaya
2017,5,31.31,13.83,Akmolinskaya
2017,6,15.6,21.28,Akmolinskaya
2017,7,40.61,20.73,Akmolinskaya
2017,8,6.2,20.96,Akmolinskaya
2017,9,10.2,12.91,Akmolinskaya
2017,10,35.34,2.33,Akmolinskaya
2017,11,38.7,-3.52,Akmolinskaya
2017,12,18.29,-14.38,Akmolinskaya
2018,1,15.19,-23.14,Akmolinskaya
2018,2,8.4,-13.71,Akmolinskaya
2018,3,41.85,-8.64,Akmolinskaya
2018,4,38.1,4.29,Akmolinskaya
2018,5,51.77,9.76,Akmolinskaya
2018,6,66.6,17.39,Akmolinskaya
2018,7,37.51,21.32,Akmolinskaya
2018,8,46.5,18.07,Akmolinskaya
2018,9,18.3,10.99,Akmolinskaya
2018,10,49.6,3.98,Akmolinskaya
2018,11,33.6,-7.25,Akmolinskaya
2018,12,9.3,-18.55,Akmolinskaya
2019,1,12.71,-15.97,Akmolinskaya
2019,2,23.24,-14.86,Akmolinskaya
2019,3,23.87,-4.17,Akmolinskaya
2019,4,36.3,5.02,Akmolinskaya
2019,5,17.67,13.2,Akmolinskaya
2019,6,53.7,16.96,Akmolinskaya
2019,7,25.42,22.93,Akmolinskaya
2019,8,28.83,19.67,Akmolinskaya
2019,9,44.7,10.74,Akmolinskaya
2019,10,28.52,6.16,Akmolinskaya
2019,11,42.0,-10.36,Akmolinskaya
2019,12,33.17,-10.82,Akmolinskaya
2020,1,45.57,-11.03,Akmolinskaya
2020,2,40.31,-9.04,Akmolinskaya
2020,3,6.2,-5.86,Akmolinskaya
2020,4,63.0,8.34,Akmolinskaya
2020,5,13.95,17.17,Akmolinskaya
2020,6,42.6,18.28,Akmolinskaya
2020,7,63.55,21.51,Akmolinskaya
2020,8,17.98,19.45,Akmolinskaya
2020,9,26.7,10.84,Akmolinskaya
2020,10,22.01,3.55,Akmolinskaya
2020,11,29.7,-6.93,Akmolinskaya
2020,12,10.85,-17.37,Akmolinskaya
2021,1,13.64,-18.72,Akmolinskaya
2021,2,39.76,-13.38,Akmolinskaya
2021,3,32.24,-8.52,Akmolinskaya
2021,4,12.6,4.77,Akmolinskaya
2021,5,19.53,17.89,Akmolinskaya
2021,6,21.0,19.33,Akmolinskaya
2021,7,31.62,21.67,Akmolinskaya
2021,8,24.49,21.35,Akmolinskaya
2021,9,39.3,10.18,Akmolinskaya
2021,10,15.81,3.14,Akmolinskaya
2021,11,35.4,-6.79,Akmolinskaya
2021,12,23.87,-13.02,Akmolinskaya
2022,1,21.39,-14.88,Akmolinskaya
2022,2,18.76,-11.64,Akmolinskaya
2022,3,30.69,-8.27,Akmolinskaya
2022,4,5.4,7.61,Akmolinskaya
2022,5,11.47,15.36,Akmolinskaya
2022,6,25.5,20.76,Akmolinskaya
2022,7,44.33,22.71,Akmolinskaya
2022,8,21.08,18.53,Akmolinskaya
2022,9,12.6,14.42,Akmolinskaya
2022,10,27.59,4.23,Akmolinskaya
2022,11,49.5,-8.4,Akmolinskaya
2022,12,15.81,-17.27,Akmolinskaya
2023,1,17.05,-16.34,Akmolinskaya
2023,2,19.6,-12.89,Akmolinskaya
2023,3,24.18,-3.86,Akmolinskaya
2023,4,57.9,5.06,Akmolinskaya
2023,5,22.63,14.69,Akmolinskaya
2023,6,18.0,20.79,Akmolinskaya
2023,7,21.7,25.2,Akmolinskaya
2023,8,47.74,20.6,Akmolinskaya
2023,9,52.8,12.7,Akmolinskaya
2023,10,30.38,5.52,Akmolinskaya
2023,11,40.2,-0.25,Akmolinskaya
2023,12,52.7,-12.72,Akmolinskaya
2024,1,37.2,-16.23,Akmolinskaya
2024,2,32.48,-16.29,Akmolinskaya
2024,3,21.39,-6.28,Akmolinskaya
2024,4,39.6,8.26,Akmolinskaya
2024,5,95.17,11.14,Akmolinskaya
2024,6,54.3,20.65,Akmolinskaya
2024,7,59.21,20.85,Akmolinskaya
2024,8,66.96,18.26,Akmolinskaya
2024,9,19.5,10.45,Akmolinskaya
2024,10,44.64,3.58,Akmolinskaya
2024,11,36.6,-6.34,Akmolinskaya
2024,12,25.73,-12.01,Akmolinskaya
2015,1,30.69,-14.93,Aktyubinskaya
2015,2,22.68,-12.09,Aktyubinskaya
2015,3,16.43,-5.06,Aktyubinskaya
2015,4,20.4,6.72,Aktyubinskaya
2015,5,63.24,15.65,Aktyubinskaya
2015,6,3.0,26.04,Aktyubinskaya
2015,7,8.99,24.62,Aktyubinskaya
2015,8,4.03,21.94,Aktyubinskaya
2015,9,3.9,17.52,Aktyubinskaya
2015,10,22.32,3.67,Aktyubinskaya
2015,11,31.8,-4.05,Aktyubinskaya
2015,12,63.24,-6.98,Aktyubinskaya
2016,1,35.65,-14.65,Aktyubinskaya
2016,2,31.03,-6.56,Aktyubinskaya
2016,3,84.32,-1.13,Aktyubinskaya
2016,4,48.6,9.2,Aktyubinskaya
2016,5,70.99,15.54,Aktyubinskaya
2016,6,47.1,19.79,Aktyubinskaya
2016,7,31.0,22.92,Aktyubinskaya
2016,8,0.93,25.89,Aktyubinskaya
2016,9,30.3,15.07,Aktyubinskaya
2016,10,24.18,3.6,Aktyubinskaya
2016,11,17.4,-6.31,Aktyubinskaya
2016,12,60.76,-12.6,Aktyubinskaya
2017,1,20.77,-11.55,Aktyubinskaya
2017,2,35.28,-11.49,Aktyubinskaya
2017,3,29.45,-4.95,Aktyubinskaya
2017,4,38.4,5.76,Aktyubinskaya
2017,5,46.19,14.27,Aktyubinskaya
2017,6,15.9,20.47,Aktyubinskaya
2017,7,40.3,24.67,Aktyubinskaya
2017,8,5.58,24.95,Aktyubinskaya
2017,9,7.5,16.43,Aktyubinskaya
2017,10,57.66,4.33,Aktyubinskaya
2017,11,29.7,-0.58,Aktyubinskaya
2017,12,17.98,-11.08,Aktyubinskaya
2018,1,9.3,-16.49,Aktyubinskaya
2018,2,11.76,-11.97,Aktyubinskaya
2018,3,41.54,-6.63,Aktyubinskaya
2018,4,18.6,6.41,Aktyubinskaya
2018,5,8.99,16.3,Aktyubinskaya
2018,6,6.9,20.7,Aktyubinskaya
2018,7,9.61,27.83,Aktyubinskaya
2018,8,13.64,22.37,Aktyubinskaya
2018,9,13.5,16.13,Aktyubinskaya
2018,10,10.23,7.27,Aktyubinskaya
2018,11,12.6,-3.85,Aktyubinskaya
2018,12,17.05,-9.77,Aktyubinskaya
2019,1,12.09,-13.31,Aktyubinskaya
2019,2,17.64,-11.97,Aktyubinskaya
2019,3,18.29,-0.14,Aktyubinskaya
2019,4,21.9,8.18,Aktyubinskaya
2019,5,7.44,18.2,Aktyubinskaya
2019,6,5.4,24.01,Aktyubinskaya
2019,7,34.1,26.26,Aktyubinskaya
2019,8,17.05,20.93,Aktyubinskaya
2019,9,13.8,12.53,Aktyubinskaya
2019,10,11.47,8.04,Aktyubinskaya
2019,11,10.5,-5.01,Aktyubinskaya
2019,12,32.55,-8.1,Aktyubinskaya
2020,1,22.01,-8.5,Aktyubinskaya
2020,2,24.07,-6.83,Aktyubinskaya
2020,3,18.29,0.47,Aktyubinskaya
2020,4,50.7,7.14,Aktyubinskaya
2020,5,29.14,18.63,Aktyubinskaya
2020,6,7.8,23.2,Aktyubinskaya
2020,7,6.82,27.37,Aktyubinskaya
2020,8,25.73,21.84,Aktyubinskaya
2020,9,14.1,14.76,Aktyubinskaya
2020,10,14.26,7.46,Aktyubinskaya
2020,11,15.0,-3.34,Aktyubinskaya
2020,12,5.27,-11.79,Aktyubinskaya
2021,1,12.71,-11.3,Aktyubinskaya
2021,2,47.6,-10.45,Aktyubinskaya
2021,3,34.72,-6.49,Aktyubinskaya
2021,4,13.5,9.0,Aktyubinskaya
2021,5,8.68,21.19,Aktyubinskaya
2021,6,15.6,26.23,Aktyubinskaya
2021,7,26.97,26.49,Aktyubinskaya
2021,8,0.93,27.41,Aktyubinskaya
2021,9,13.2,14.3,Aktyubinskaya
2021,10,8.37,5.67,Aktyubinskaya
2021,11,47.1,-4.28,Aktyubinskaya
2021,12,21.7,-9.39,Aktyubinskaya
2022,1,39.68,-11.51,Aktyubinskaya
2022,2,19.32,-6.87,Aktyubinskaya
2022,3,21.39,-6.07,Aktyubinskaya
2022,4,18.6,11.73,Aktyubinskaya
2022,5,56.42,14.01,Aktyubinskaya
2022,6,7.8,22.16,Aktyubinskaya
2022,7,32.86,24.79,Aktyubinskaya
2022,8,6.82,25.09,Aktyubinskaya
2022,9,14.4,17.34,Aktyubinskaya
2022,10,19.53,6.7,Aktyubinskaya
2022,11,44.1,-2.66,Aktyubinskaya
2022,12,17.05,-10.92,Aktyubinskaya
2023,1,23.56,-14.97,Aktyubinskaya
2023,2,24.92,-10.91,Aktyubinskaya
2023,3,21.7,2.34,Aktyubinskaya
2023,4,39.6,10.38,Aktyubinskaya
2023,5,31.62,18.05,Aktyubinskaya
2023,6,15.9,23.0,Aktyubinskaya
2023,7,22.01,26.13,Aktyubinskaya
2023,8,12.09,23.73,Aktyubinskaya
2023,9,39.0,15.5,Aktyubinskaya
2023,10,60.76,6.91,Aktyubinskaya
2023,11,36.9,1.52,Aktyubinskaya
2023,12,51.15,-8.37,Aktyubinskaya
2024,1,35.34,-14.14,Aktyubinskaya
2024,2,24.94,-12.34,Aktyubinskaya
2024,3,22.63,-4.04,Aktyubinskaya
2024,4,21.0,12.36,Aktyubinskaya
2024,5,16.12,13.34,Aktyubinskaya
2024,6,101.4,23.39,Aktyubinskaya
2024,7,36.58,23.58,Aktyubinskaya
2024,8,29.14,21.67,Aktyubinskaya
2024,9,0.3,15.35,Aktyubinskaya
2024,10,42.78,6.63,Aktyubinskaya
2024,11,31.2,-2.57,Aktyubinskaya
2024,12,13.95,-7.67,Aktyubinskaya
2015,1,30.69,-7.9,Almatinskaya
2015,2,14.56,-4.18,Almatinskaya
2015,3,16.74,1.22,Almatinskaya
2015,4,16.5,12.67,Almatinskaya
2015,5,26.97,21.14,Almatinskaya
2015,6,9.9,25.45,Almatinskaya
2015,7,4.96,29.45,Almatinskaya
2015,8,8.68,25.59,Almatinskaya
2015,9,18.9,15.86,Almatinskaya
2015,10,50.22,10.58,Almatinskaya
2015,11,43.2,0.95,Almatinskaya
2015,12,28.52,-1.27,Almatinskaya
2016,1,17.98,-5.69,Almatinskaya
2016,2,10.73,-4.02,Almatinskaya
2016,3,17.67,6.45,Almatinskaya
2016,4,48.6,13.27,Almatinskaya
2016,5,60.45,17.78,Almatinskaya
2016,6,45.0,25.94,Almatinskaya
2016,7,24.18,27.34,Almatinskaya
2016,8,6.51,23.91,Almatinskaya
2016,9,5.7,21.32,Almatinskaya
2016,10,46.5,5.5,Almatinskaya
2016,11,36.0,-4.4,Almatinskaya
2016,12,28.52,-2.93,Almatinskaya
2017,1,15.81,-8.76,Almatinskaya
2017,2,24.08,-6.28,Almatinskaya
2017,3,8.37,1.33,Almatinskaya
2017,4,37.8,10.92,Almatinskaya
2017,5,39.99,20.08,Almatinskaya
2017,6,24.0,26.01,Almatinskaya
2017,7,3.1,29.2,Almatinskaya
2017,8,2.17,24.28,Almatinskaya
2017,9,12.6,18.84,Almatinskaya
2017,10,31.0,9.18,Almatinskaya
2017,11,21.3,2.36,Almatinskaya
2017,12,24.18,-6.34,Almatinskaya
2018,1,13.64,-16.49,Almatinskaya
2018,2,21.28,-7.03,Almatinskaya
2018,3,43.09,6.13,Almatinskaya
2018,4,27.6,11.05,Almatinskaya
2018,5,28.52,16.47,Almatinskaya
2018,6,30.0,25.24,Almatinskaya
2018,7,23.87,26.91,Almatinskaya
2018,8,22.01,25.89,Almatinskaya
2018,9,9.9,17.06,Almatinskaya
2018,10,15.81,9.74,Almatinskaya
2018,11,51.3,-3.02,Almatinskaya
2018,12,17.05,-9.95,Almatinskaya
2019,1,19.22,-8.59,Almatinskaya
2019,2,20.72,-7.83,Almatinskaya
2019,3,10.85,5.41,Almatinskaya
2019,4,20.7,12.74,Almatinskaya
2019,5,27.59,17.46,Almatinskaya
2019,6,31.5,24.68,Almatinskaya
2019,7,4.34,28.74,Almatinskaya
2019,8,11.78,26.98,Almatinskaya
2019,9,16.5,18.97,Almatinskaya
2019,10,11.47,10.48,Almatinskaya
2019,11,28.5,-2.28,Almatinskaya
2019,12,37.2,-4.74,Almatinskaya
2020,1,18.91,-8.09,Almatinskaya
2020,2,19.14,-0.47,Almatinskaya
2020,3,9.92,4.09,Almatinskaya
2020,4,47.7,14.76,Almatinskaya
2020,5,25.73,21.04,Almatinskaya
2020,6,5.7,24.61,Almatinskaya
2020,7,14.88,27.53,Almatinskaya
2020,8,12.09,25.9,Almatinskaya
2020,9,4.8,17.11,Almatinskaya
2020,10,4.96,8.27,Almatinskaya
2020,11,13.5,-1.11,Almatinskaya
2020,12,8.99,-10.86,Almatinskaya
2021,1,11.47,-10.84,Almatinskaya
2021,2,47.04,-2.69,Almatinskaya
2021,3,66.03,2.91,Almatinskaya
2021,4,23.4,11.08,Almatinskaya
2021,5,14.88,21.03,Almatinskaya
2021,6,14.4,24.38,Almatinskaya
2021,7,20.77,29.75,Almatinskaya
2021,8,6.51,26.34,Almatinskaya
2021,9,0.9,20.22,Almatinskaya
2021,10,22.63,7.87,Almatinskaya
2021,11,17.7,-0.26,Almatinskaya
2021,12,9.3,-1.48,Almatinskaya
2022,1,15.81,-4.09,Almatinskaya
2022,2,13.72,-3.54,Almatinskaya
2022,3,65.1,3.97,Almatinskaya
2022,4,11.7,15.82,Almatinskaya
2022,5,28.52,21.79,Almatinskaya
2022,6,11.7,27.91,Almatinskaya
2022,7,15.19,28.76,Almatinskaya
2022,8,11.16,24.53,Almatinskaya
2022,9,2.1,20.76,Almatinskaya
2022,10,17.98,10.18,Almatinskaya
2022,11,61.5,1.14,Almatinskaya
2022,12,14.26,-11.48,Almatinskaya
2023,1,22.94,-12.1,Almatinskaya
2023,2,22.68,-3.77,Almatinskaya
2023,3,32.24,5.41,Almatinskaya
2023,4,27.3,10.96,Almatinskaya
2023,5,13.64,18.26,Almatinskaya
2023,6,14.7,25.92,Almatinskaya
2023,7,13.33,29.83,Almatinskaya
2023,8,25.11,26.65,Almatinskaya
2023,9,20.7,18.49,Almatinskaya
2023,10,43.71,13.47,Almatinskaya
2023,11,15.6,5.51,Almatinskaya
2023,12,37.82,-4.36,Almatinskaya
2024,1,32.86,-4.63,Almatinskaya
2024,2,23.49,-6.97,Almatinskaya
2024,3,40.3,3.83,Almatinskaya
2024,4,19.2,12.78,Almatinskaya
2024,5,51.46,20.2,Almatinskaya
2024,6,8.4,26.91,Almatinskaya
2024,7,26.97,28.48,Almatinskaya
2024,8,15.5,28.23,Almatinskaya
2024,9,8.7,16.27,Almatinskaya
2024,10,44.02,10.98,Almatinskaya
2024,11,42.6,2.61,Almatinskaya
2024,12,23.25,-4.75,Almatinskaya
2015,1,10.54,-8.35,Atyrauskaya
2015,2,13.16,-6.9,Atyrauskaya
2015,3,17.05,0.0,Atyrauskaya
2015,4,15.3,9.52,Atyrauskaya
2015,5,84.63,18.83,Atyrauskaya
2015,6,5.4,28.15,Atyrauskaya
2015,7,20.15,27.27,Atyrauskaya
2015,8,2.48,25.46,Atyrauskaya
2015,9,10.2,20.63,Atyrauskaya
2015,10,7.75,7.34,Atyrauskaya
2015,11,28.5,1.89,Atyrauskaya
2015,12,50.22,-0.89,Atyrauskaya
2016,1,32.55,-8.43,Atyrauskaya
2016,2,11.31,-2.18,Atyrauskaya
2016,3,39.68,3.79,Atyrauskaya
2016,4,40.5,12.64,Atyrauskaya
2016,5,82.77,20.18,Atyrauskaya
2016,6,15.0,24.58,Atyrauskaya
2016,7,33.79,27.34,Atyrauskaya
2016,8,23.56,29.3,Atyrauskaya
2016,9,15.9,17.76,Atyrauskaya
2016,10,7.44,7.71,Atyrauskaya
2016,11,21.3,-0.31,Atyrauskaya
2016,12,27.9,-7.02,Atyrauskaya
2017,1,11.78,-8.54,Atyrauskaya
2017,2,22.96,-7.95,Atyrauskaya
2017,3,23.87,2.22,Atyrauskaya
2017,4,9.0,10.95,Atyrauskaya
2017,5,25.73,18.47,Atyrauskaya
2017,6,11.4,23.33,Atyrauskaya
2017,7,16.12,28.51,Atyrauskaya
2017,8,1.24,28.02,Atyrauskaya
2017,9,1.2,20.84,Atyrauskaya
2017,10,43.4,9.06,Atyrauskaya
2017,11,17.1,3.88,Atyrauskaya
2017,12,19.22,-4.49,Atyrauskaya
2018,1,11.47,-10.52,Atyrauskaya
2018,2,4.76,-6.87,Atyrauskaya
2018,3,18.29,-0.42,Atyrauskaya
2018,4,18.3,9.87,Atyrauskaya
2018,5,1.24,20.95,Atyrauskaya
2018,6,3.3,24.3,Atyrauskaya
2018,7,10.54,30.8,Atyrauskaya
2018,8,2.48,25.31,Atyrauskaya
2018,9,3.0,19.63,Atyrauskaya
2018,10,9.92,11.23,Atyrauskaya
2018,11,8.4,0.66,Atyrauskaya
2018,12,18.29,-2.93,Atyrauskaya
2019,1,5.27,-6.73,Atyrauskaya
2019,2,12.88,-5.63,Atyrauskaya
2019,3,12.71,2.72,Atyrauskaya
2019,4,43.8,11.0,Atyrauskaya
2019,5,26.35,20.63,Atyrauskaya
2019,6,22.2,27.48,Atyrauskaya
2019,7,37.2,27.01,Atyrauskaya
2019,8,18.29,23.83,Atyrauskaya
2019,9,11.7,17.0,Atyrauskaya
2019,10,21.7,11.43,Atyrauskaya
2019,11,2.4,-0.07,Atyrauskaya
2019,12,9.92,-2.21,Atyrauskaya
2020,1,21.39,-4.14,Atyrauskaya
2020,2,5.22,-1.78,Atyrauskaya
2020,3,15.5,5.2,Atyrauskaya
2020,4,13.2,9.53,Atyrauskaya
2020,5,30.38,19.54,Atyrauskaya
2020,6,14.1,27.23,Atyrauskaya
2020,7,0.93,29.93,Atyrauskaya
2020,8,13.33,24.11,Atyrauskaya
2020,9,23.4,18.3,Atyrauskaya
2020,10,1.55,10.82,Atyrauskaya
2020,11,6.6,0.71,Atyrauskaya
2020,12,5.27,-9.5,Atyrauskaya
2021,1,9.61,-6.9,Atyrauskaya
2021,2,28.56,-6.76,Atyrauskaya
2021,3,13.64,-1.53,Atyrauskaya
2021,4,14.7,12.63,Atyrauskaya
2021,5,7.75,23.11,Atyrauskaya
2021,6,12.3,27.89,Atyrauskaya
2021,7,7.13,29.36,Atyrauskaya
2021,8,0.0,29.65,Atyrauskaya
2021,9,6.3,17.81,Atyrauskaya
2021,10,6.82,9.2,Atyrauskaya
2021,11,29.1,1.94,Atyrauskaya
2021,12,18.91,-1.34,Atyrauskaya
2022,1,25.73,-5.38,Atyrauskaya
2022,2,21.84,-1.47,Atyrauskaya
2022,3,33.17,0.91,Atyrauskaya
2022,4,10.8,14.07,Atyrauskaya
2022,5,70.06,16.54,Atyrauskaya
2022,6,8.1,24.88,Atyrauskaya
2022,7,23.25,26.51,Atyrauskaya
2022,8,0.62,28.41,Atyrauskaya
2022,9,13.2,20.12,Atyrauskaya
2022,10,27.59,10.88,Atyrauskaya
2022,11,16.5,2.21,Atyrauskaya
2022,12,6.2,-6.42,Atyrauskaya
2023,1,8.06,-9.11,Atyrauskaya
2023,2,46.48,-6.27,Atyrauskaya
2023,3,9.3,5.4,Atyrauskaya
2023,4,31.5,13.51,Atyrauskaya
2023,5,17.67,20.38,Atyrauskaya
2023,6,9.0,24.82,Atyrauskaya
2023,7,17.36,27.92,Atyrauskaya
2023,8,9.3,27.52,Atyrauskaya
2023,9,25.8,18.82,Atyrauskaya
2023,10,53.63,10.75,Atyrauskaya
2023,11,27.6,6.13,Atyrauskaya
2023,12,24.49,-1.47,Atyrauskaya
2024,1,18.6,-7.56,Atyrauskaya
2024,2,36.54,-5.0,Atyrauskaya
2024,3,31.93,0.69,Atyrauskaya
2024,4,7.2,15.53,Atyrauskaya
2024,5,32.55,16.36,Atyrauskaya
2024,6,20.4,26.41,Atyrauskaya
2024,7,7.13,28.09,Atyrauskaya
2024,8,5.89,26.15,Atyrauskaya
2024,9,4.8,19.16,Atyrauskaya
2024,10,24.18,9.9,Atyrauskaya
2024,11,31.2,1.99,Atyrauskaya
2024,12,14.26,-2.8,Atyrauskaya
2015,1,46.5,-3.67,Jambylslkaya
2015,2,27.44,-0.12,Jambylslkaya
2015,3,38.44,3.18,Jambylslkaya
2015,4,26.7,14.28,Jambylslkaya
2015,5,24.18,21.41,Jambylslkaya
2015,6,9.3,26.76,Jambylslkaya
2015,7,0.93,30.74,Jambylslkaya
2015,8,28.52,25.93,Jambylslkaya
2015,9,17.1,17.4,Jambylslkaya
2015,10,57.66,11.56,Jambylslkaya
2015,11,59.4,3.13,Jambylslkaya
2015,12,50.22,0.41,Jambylslkaya
2016,1,32.55,-0.32,Jambylslkaya
2016,2,5.51,1.56,Jambylslkaya
2016,3,42.78,9.24,Jambylslkaya
2016,4,43.5,14.14,Jambylslkaya
2016,5,65.1,19.25,Jambylslkaya
2016,6,50.4,26.18,Jambylslkaya
2016,7,48.36,27.6,Jambylslkaya
2016,8,0.62,26.05,Jambylslkaya
2016,9,3.9,22.79,Jambylslkaya
2016,10,61.07,7.36,Jambylslkaya
2016,11,36.3,-1.29,Jambylslkaya
2016,12,59.83,-0.88,Jambylslkaya
2017,1,23.56,-3.57,Jambylslkaya
2017,2,64.12,-3.49,Jambylslkaya
2017,3,27.59,2.64,Jambylslkaya
2017,4,96.3,11.02,Jambylslkaya
2017,5,61.07,20.5,Jambylslkaya
2017,6,18.6,25.61,Jambylslkaya
2017,7,2.48,29.36,Jambylslkaya
2017,8,4.65,25.9,Jambylslkaya
2017,9,19.5,20.04,Jambylslkaya
2017,10,39.37,10.45,Jambylslkaya
2017,11,17.4,4.19,Jambylslkaya
2017,12,34.72,-4.09,Jambylslkaya
2018,1,29.14,-11.11,Jambylslkaya
2018,2,28.84,-3.69,Jambylslkaya
2018,3,57.66,7.97,Jambylslkaya
2018,4,34.2,12.52,Jambylslkaya
2018,5,18.6,17.38,Jambylslkaya
2018,6,13.8,25.44,Jambylslkaya
2018,7,1.24,29.02,Jambylslkaya
2018,8,2.79,26.32,Jambylslkaya
2018,9,1.2,17.96,Jambylslkaya
2018,10,18.29,10.83,Jambylslkaya
2018,11,38.1,-0.8,Jambylslkaya
2018,12,14.57,-3.82,Jambylslkaya
2019,1,17.36,-1.75,Jambylslkaya
2019,2,18.76,-1.1,Jambylslkaya
2019,3,34.1,8.06,Jambylslkaya
2019,4,52.8,13.23,Jambylslkaya
2019,5,9.92,18.99,Jambylslkaya
2019,6,21.9,25.53,Jambylslkaya
2019,7,5.27,31.06,Jambylslkaya
2019,8,1.55,27.0,Jambylslkaya
2019,9,6.9,19.54,Jambylslkaya
2019,10,2.79,12.26,Jambylslkaya
2019,11,16.8,0.05,Jambylslkaya
2019,12,19.84,-0.28,Jambylslkaya
2020,1,17.98,-3.25,Jambylslkaya
2020,2,18.27,2.5,Jambylslkaya
2020,3,6.2,6.17,Jambylslkaya
2020,4,34.8,14.79,Jambylslkaya
2020,5,29.76,21.7,Jambylslkaya
2020,6,2.7,25.61,Jambylslkaya
2020,7,7.75,28.69,Jambylslkaya
2020,8,16.12,26.52,Jambylslkaya
2020,9,4.2,17.48,Jambylslkaya
2020,10,0.62,8.76,Jambylslkaya
2020,11,21.3,-0.45,Jambylslkaya
2020,12,6.82,-7.87,Jambylslkaya
2021,1,12.71,-6.37,Jambylslkaya
2021,2,31.36,1.45,Jambylslkaya
2021,3,80.91,4.09,Jambylslkaya
2021,4,30.3,12.22,Jambylslkaya
2021,5,8.99,22.06,Jambylslkaya
2021,6,1.8,26.86,Jambylslkaya
2021,7,3.41,30.22,Jambylslkaya
2021,8,2.48,27.56,Jambylslkaya
2021,9,0.0,21.02,Jambylslkaya
2021,10,20.15,7.89,Jambylslkaya
2021,11,10.5,1.35,Jambylslkaya
2021,12,23.25,1.19,Jambylslkaya
2022,1,34.1,-1.21,Jambylslkaya
2022,2,8.96,0.37,Jambylslkaya
2022,3,90.83,5.15,Jambylslkaya
2022,4,17.4,17.47,Jambylslkaya
2022,5,38.75,21.15,Jambylslkaya
2022,6,26.4,27.89,Jambylslkaya
2022,7,0.62,29.47,Jambylslkaya
2022,8,9.92,25.35,Jambylslkaya
2022,9,0.0,21.65,Jambylslkaya
2022,10,36.27,11.35,Jambylslkaya
2022,11,46.8,3.62,Jambylslkaya
2022,12,9.3,-7.17,Jambylslkaya
2023,1,25.42,-8.32,Jambylslkaya
2023,2,33.6,0.2,Jambylslkaya
2023,3,26.04,8.04,Jambylslkaya
2023,4,33.6,12.77,Jambylslkaya
2023,5,13.95,19.49,Jambylslkaya
2023,6,1.8,27.49,Jambylslkaya
2023,7,3.72,30.83,Jambylslkaya
2023,8,30.07,26.53,Jambylslkaya
2023,9,7.2,18.76,Jambylslkaya
2023,10,25.73,13.43,Jambylslkaya
2023,11,19.2,7.62,Jambylslkaya
2023,12,36.89,-1.88,Jambylslkaya
2024,1,38.44,-2.42,Jambylslkaya
2024,2,23.2,-2.33,Jambylslkaya
2024,3,39.99,5.12,Jambylslkaya
2024,4,49.2,13.88,Jambylslkaya
2024,5,26.35,19.28,Jambylslkaya
2024,6,6.0,28.5,Jambylslkaya
2024,7,19.22,29.23,Jambylslkaya
2024,8,1.86,28.24,Jambylslkaya
2024,9,6.6,17.77,Jambylslkaya
2024,10,46.19,11.59,Jambylslkaya
2024,11,38.7,4.15,Jambylslkaya
2024,12,17.05,-3.08,Jambylslkaya
2015,1,29.45,-13.53,Karagandinskaya
2015,2,24.08,-10.37,Karagandinskaya
2015,3,29.76,-5.95,Karagandinskaya
2015,4,34.5,7.35,Karagandinskaya
2015,5,70.37,15.04,Karagandinskaya
2015,6,24.6,21.94,Karagandinskaya
2015,7,22.94,24.33,Karagandinskaya
2015,8,1.86,21.24,Karagandinskaya
2015,9,21.0,12.67,Karagandinskaya
2015,10,38.75,4.03,Karagandinskaya
2015,11,50.7,-4.93,Karagandinskaya
2015,12,72.23,-7.14,Karagandinskaya
2016,1,28.83,-11.63,Karagandinskaya
2016,2,8.99,-8.43,Karagandinskaya
2016,3,26.35,0.37,Karagandinskaya
2016,4,26.1,8.4,Karagandinskaya
2016,5,33.17,13.67,Karagandinskaya
2016,6,38.4,20.03,Karagandinskaya
2016,7,65.41,22.25,Karagandinskaya
2016,8,3.41,20.45,Karagandinskaya
2016,9,14.1,16.52,Karagandinskaya
2016,10,27.59,0.84,Karagandinskaya
2016,11,45.0,-10.07,Karagandinskaya
2016,12,33.48,-9.62,Karagandinskaya
2017,1,15.5,-11.61,Karagandinskaya
2017,2,25.2,-12.62,Karagandinskaya
2017,3,19.22,-6.11,Karagandinskaya
2017,4,33.3,6.6,Karagandinskaya
2017,5,11.16,15.33,Karagandinskaya
2017,6,22.8,22.73,Karagandinskaya
2017,7,7.75,24.59,Karagandinskaya
2017,8,15.5,21.95,Karagandinskaya
2017,9,10.5,14.47,Karagandinskaya
2017,10,41.23,3.89,Karagandinskaya
2017,11,30.3,-1.4,Karagandinskaya
2017,12,41.23,-11.71,Karagandinskaya
2018,1,10.85,-17.94,Karagandinskaya
2018,2,19.32,-11.57,Karagandinskaya
2018,3,41.54,-3.72,Karagandinskaya
2018,4,39.9,5.71,Karagandinskaya
2018,5,14.88,11.05,Karagandinskaya
2018,6,35.4,19.84,Karagandinskaya
2018,7,9.3,23.85,Karagandinskaya
2018,8,36.58,21.07,Karagandinskaya
2018,9,8.4,12.4,Karagandinskaya
2018,10,47.43,4.73,Karagandinskaya
2018,11,26.4,-6.95,Karagandinskaya
2018,12,17.05,-14.61,Karagandinskaya
2019,1,10.85,-13.23,Karagandinskaya
2019,2,31.64,-12.21,Karagandinskaya
2019,3,22.01,-2.06,Karagandinskaya
2019,4,30.3,6.74,Karagandinskaya
2019,5,10.54,13.72,Karagandinskaya
2019,6,33.0,20.17,Karagandinskaya
2019,7,8.68,26.01,Karagandinskaya
2019,8,14.57,22.02,Karagandinskaya
2019,9,28.5,12.81,Karagandinskaya
2019,10,21.7,6.58,Karagandinskaya
2019,11,18.0,-6.45,Karagandinskaya
2019,12,30.07,-7.02,Karagandinskaya
2020,1,29.14,-11.07,Karagandinskaya
2020,2,34.51,-7.58,Karagandinskaya
2020,3,3.72,-2.77,Karagandinskaya
2020,4,14.1,9.72,Karagandinskaya
2020,5,26.04,17.83,Karagandinskaya
2020,6,16.2,20.67,Karagandinskaya
2020,7,24.49,23.46,Karagandinskaya
2020,8,14.26,21.51,Karagandinskaya
2020,9,9.9,12.22,Karagandinskaya
2020,10,10.54,4.34,Karagandinskaya
2020,11,35.7,-6.09,Karagandinskaya
2020,12,6.82,-15.34,Karagandinskaya
2021,1,11.78,-14.93,Karagandinskaya
2021,2,24.64,-10.37,Karagandinskaya
2021,3,42.47,-5.38,Karagandinskaya
2021,4,11.4,7.66,Karagandinskaya
2021,5,22.63,18.21,Karagandinskaya
2021,6,13.5,21.12,Karagandinskaya
2021,7,22.01,25.03,Karagandinskaya
2021,8,6.2,22.82,Karagandinskaya
2021,9,14.4,13.45,Karagandinskaya
2021,10,13.33,2.87,Karagandinskaya
2021,11,27.3,-5.19,Karagandinskaya
2021,12,31.31,-8.79,Karagandinskaya
2022,1,21.39,-11.62,Karagandinskaya
2022,2,22.12,-9.1,Karagandinskaya
2022,3,36.27,-3.36,Karagandinskaya
2022,4,25.5,10.65,Karagandinskaya
2022,5,30.07,16.44,Karagandinskaya
2022,6,3.3,23.27,Karagandinskaya
2022,7,15.19,24.0,Karagandinskaya
2022,8,23.25,19.74,Karagandinskaya
2022,9,3.6,16.25,Karagandinskaya
2022,10,19.22,5.35,Karagandinskaya
2022,11,36.6,-5.51,Karagandinskaya
2022,12,19.84,-13.83,Karagandinskaya
2023,1,23.25,-14.23,Karagandinskaya
2023,2,30.24,-10.49,Karagandinskaya
2023,3,33.48,-1.4,Karagandinskaya
2023,4,10.2,7.38,Karagandinskaya
2023,5,27.9,15.41,Karagandinskaya
2023,6,6.3,22.33,Karagandinskaya
2023,7,6.51,27.39,Karagandinskaya
2023,8,35.03,21.87,Karagandinskaya
2023,9,29.7,13.56,Karagandinskaya
2023,10,37.51,7.23,Karagandinskaya
2023,11,29.1,1.83,Karagandinskaya
2023,12,35.65,-8.23,Karagandinskaya
2024,1,25.42,-12.62,Karagandinskaya
2024,2,32.48,-14.28,Karagandinskaya
2024,3,26.97,-3.59,Karagandinskaya
2024,4,12.0,9.27,Karagandinskaya
2024,5,45.57,14.47,Karagandinskaya
2024,6,11.1,22.96,Karagandinskaya
2024,7,71.3,22.16,Karagandinskaya
2024,8,15.81,22.0,Karagandinskaya
2024,9,1.2,12.18,Karagandinskaya
2024,10,43.71,6.74,Karagandinskaya
2024,11,33.0,-3.44,Karagandinskaya
2024,12,22.32,-10.5,Karagandinskaya
2015,1,20.46,-16.82,Kustanayskaya
2015,2,8.68,-13.75,Kustanayskaya
2015,3,18.6,-6.47,Kustanayskaya
2015,4,30.6,5.14,Kustanayskaya
2015,5,73.47,15.14,Kustanayskaya
2015,6,17.7,23.1,Kustanayskaya
2015,7,25.42,21.74,Kustanayskaya
2015,8,17.05,18.24,Kustanayskaya
2015,9,38.1,13.26,Kustanayskaya
2015,10,29.14,2.16,Kustanayskaya
2015,11,38.7,-7.12,Kustanayskaya
2015,12,45.88,-9.58,Kustanayskaya
2016,1,34.72,-18.46,Kustanayskaya
2016,2,20.01,-9.04,Kustanayskaya
2016,3,47.74,-3.75,Kustanayskaya
2016,4,35.4,8.01,Kustanayskaya
2016,5,22.94,13.66,Kustanayskaya
2016,6,42.3,18.53,Kustanayskaya
2016,7,57.66,20.97,Kustanayskaya
2016,8,5.58,23.13,Kustanayskaya
2016,9,56.7,13.08,Kustanayskaya
2016,10,23.56,0.78,Kustanayskaya
2016,11,36.3,-10.56,Kustanayskaya
2016,12,44.33,-16.07,Kustanayskaya
2017,1,16.12,-13.38,Kustanayskaya
2017,2,23.52,-13.38,Kustanayskaya
2017,3,22.32,-6.54,Kustanayskaya
2017,4,29.1,5.0,Kustanayskaya
2017,5,54.25,13.33,Kustanayskaya
2017,6,39.6,19.21,Kustanayskaya
2017,7,42.16,21.04,Kustanayskaya
2017,8,39.37,20.92,Kustanayskaya
2017,9,12.3,12.78,Kustanayskaya
2017,10,33.79,1.96,Kustanayskaya
2017,11,13.8,-2.2,Kustanayskaya
2017,12,14.26,-13.2,Kustanayskaya
2018,1,5.27,-21.48,Kustanayskaya
2018,2,10.92,-14.26,Kustanayskaya
2018,3,44.95,-9.98,Kustanayskaya
2018,4,27.0,4.11,Kustanayskaya
2018,5,35.65,11.75,Kustanayskaya
2018,6,43.8,17.42,Kustanayskaya
2018,7,25.11,23.11,Kustanayskaya
2018,8,47.43,19.02,Kustanayskaya
2018,9,18.6,13.21,Kustanayskaya
2018,10,26.97,5.23,Kustanayskaya
2018,11,21.6,-5.42,Kustanayskaya
2018,12,13.02,-16.44,Kustanayskaya
2019,1,14.88,-17.34,Kustanayskaya
2019,2,12.88,-14.72,Kustanayskaya
2019,3,26.66,-3.55,Kustanayskaya
2019,4,24.3,5.28,Kustanayskaya
2019,5,17.67,15.27,Kustanayskaya
2019,6,22.2,18.89,Kustanayskaya
2019,7,24.49,24.18,Kustanayskaya
2019,8,32.55,20.19,Kustanayskaya
2019,9,40.2,10.54,Kustanayskaya
2019,10,28.52,6.05,Kustanayskaya
2019,11,31.2,-7.94,Kustanayskaya
2019,12,24.8,-11.52,Kustanayskaya
2020,1,26.97,-11.44,Kustanayskaya
2020,2,35.67,-8.6,Kustanayskaya
2020,3,14.88,-3.12,Kustanayskaya
2020,4,36.0,6.73,Kustanayskaya
2020,5,95.79,16.66,Kustanayskaya
2020,6,33.3,18.42,Kustanayskaya
2020,7,41.54,23.36,Kustanayskaya
2020,8,51.46,20.22,Kustanayskaya
2020,9,24.9,11.74,Kustanayskaya
2020,10,35.03,4.67,Kustanayskaya
2020,11,18.0,-5.91,Kustanayskaya
2020,12,10.23,-14.1,Kustanayskaya
2021,1,23.87,-17.14,Kustanayskaya
2021,2,51.24,-14.46,Kustanayskaya
2021,3,22.32,-8.31,Kustanayskaya
2021,4,15.9,5.42,Kustanayskaya
2021,5,11.78,19.14,Kustanayskaya
2021,6,4.2,21.47,Kustanayskaya
2021,7,51.77,22.32,Kustanayskaya
2021,8,1.86,23.19,Kustanayskaya
2021,9,24.3,11.06,Kustanayskaya
2021,10,13.64,4.41,Kustanayskaya
2021,11,27.9,-6.37,Kustanayskaya
2021,12,21.7,-13.44,Kustanayskaya
2022,1,32.86,-15.5,Kustanayskaya
2022,2,22.96,-9.41,Kustanayskaya
2022,3,17.67,-8.23,Kustanayskaya
2022,4,12.3,9.44,Kustanayskaya
2022,5,36.89,13.76,Kustanayskaya
2022,6,68.7,19.61,Kustanayskaya
2022,7,32.86,22.47,Kustanayskaya
2022,8,6.2,20.89,Kustanayskaya
2022,9,19.2,14.67,Kustanayskaya
2022,10,33.48,3.55,Kustanayskaya
2022,11,45.9,-8.54,Kustanayskaya
2022,12,14.57,-17.53,Kustanayskaya
2023,1,22.01,-16.42,Kustanayskaya
2023,2,22.96,-12.45,Kustanayskaya
2023,3,22.94,-3.0,Kustanayskaya
2023,4,30.0,6.92,Kustanayskaya
2023,5,22.32,15.57,Kustanayskaya
2023,6,43.5,20.59,Kustanayskaya
2023,7,41.54,24.64,Kustanayskaya
2023,8,69.13,20.2,Kustanayskaya
2023,9,53.7,13.12,Kustanayskaya
2023,10,70.99,5.24,Kustanayskaya
2023,11,50.1,-0.93,Kustanayskaya
2023,12,53.32,-15.56,Kustanayskaya
2024,1,38.75,-17.8,Kustanayskaya
2024,2,21.75,-15.76,Kustanayskaya
2024,3,14.57,-6.06,Kustanayskaya
2024,4,43.8,9.64,Kustanayskaya
2024,5,57.35,10.67,Kustanayskaya
2024,6,60.3,21.2,Kustanayskaya
2024,7,78.12,21.23,Kustanayskaya
2024,8,59.83,18.02,Kustanayskaya
2024,9,15.3,11.95,Kustanayskaya
2024,10,15.19,4.09,Kustanayskaya
2024,11,32.1,-4.82,Kustanayskaya
2024,12,13.02,-9.24,Kustanayskaya
2015,1,16.74,-7.46,Kyzylordinskaya
2015,2,8.96,-3.01,Kyzylordinskaya
2015,3,19.53,1.71,Kyzylordinskaya
2015,4,21.9,12.84,Kyzylordinskaya
2015,5,31.93,20.83,Kyzylordinskaya
2015,6,6.9,28.73,Kyzylordinskaya
2015,7,0.93,29.89,Kyzylordinskaya
2015,8,1.24,25.67,Kyzylordinskaya
2015,9,1.2,18.59,Kyzylordinskaya
2015,10,14.88,7.78,Kyzylordinskaya
2015,11,27.6,0.65,Kyzylordinskaya
2015,12,38.75,-2.02,Kyzylordinskaya
2016,1,28.83,-5.72,Kyzylordinskaya
2016,2,4.06,-1.71,Kyzylordinskaya
2016,3,23.56,6.93,Kyzylordinskaya
2016,4,35.4,13.02,Kyzylordinskaya
2016,5,23.25,20.13,Kyzylordinskaya
2016,6,21.6,26.27,Kyzylordinskaya
2016,7,3.1,28.43,Kyzylordinskaya
2016,8,0.0,26.78,Kyzylordinskaya
2016,9,13.5,19.98,Kyzylordinskaya
2016,10,6.51,6.01,Kyzylordinskaya
2016,11,39.9,-2.92,Kyzylordinskaya
2016,12,17.67,-5.5,Kyzylordinskaya
2017,1,23.56,-7.58,Kyzylordinskaya
2017,2,8.96,-10.22,Kyzylordinskaya
2017,3,7.44,0.98,Kyzylordinskaya
2017,4,24.3,11.41,Kyzylordinskaya
2017,5,13.33,20.89,Kyzylordinskaya
2017,6,8.7,26.23,Kyzylordinskaya
2017,7,1.55,29.42,Kyzylordinskaya
2017,8,4.34,26.53,Kyzylordinskaya
2017,9,0.3,19.17,Kyzylordinskaya
2017,10,10.23,8.85,Kyzylordinskaya
2017,11,13.5,2.25,Kyzylordinskaya
2017,12,19.84,-6.96,Kyzylordinskaya
2018,1,5.58,-11.79,Kyzylordinskaya
2018,2,19.32,-8.05,Kyzylordinskaya
2018,3,30.07,3.26,Kyzylordinskaya
2018,4,22.5,10.76,Kyzylordinskaya
2018,5,14.26,17.74,Kyzylordinskaya
2018,6,0.6,25.15,Kyzylordinskaya
2018,7,2.48,30.45,Kyzylordinskaya
2018,8,1.24,25.57,Kyzylordinskaya
2018,9,3.9,17.18,Kyzylordinskaya
2018,10,8.99,9.59,Kyzylordinskaya
2018,11,8.7,-2.32,Kyzylordinskaya
2018,12,19.22,-8.34,Kyzylordinskaya
2019,1,18.91,-7.82,Kyzylordinskaya
2019,2,22.68,-6.88,Kyzylordinskaya
2019,3,38.13,5.58,Kyzylordinskaya
2019,4,12.0,11.72,Kyzylordinskaya
2019,5,8.99,20.08,Kyzylordinskaya
2019,6,3.6,26.5,Kyzylordinskaya
2019,7,2.79,31.41,Kyzylordinskaya
2019,8,0.62,25.1,Kyzylordinskaya
2019,9,2.4,17.61,Kyzylordinskaya
2019,10,5.27,10.77,Kyzylordinskaya
2019,11,3.6,-2.04,Kyzylordinskaya
2019,12,34.72,-4.11,Kyzylordinskaya
2020,1,18.6,-7.41,Kyzylordinskaya
2020,2,28.71,-1.86,Kyzylordinskaya
2020,3,1.55,3.8,Kyzylordinskaya
2020,4,27.0,13.49,Kyzylordinskaya
2020,5,19.84,21.85,Kyzylordinskaya
2020,6,2.4,26.78,Kyzylordinskaya
2020,7,2.17,29.29,Kyzylordinskaya
2020,8,3.1,25.87,Kyzylordinskaya
2020,9,0.6,17.03,Kyzylordinskaya
2020,10,0.62,8.34,Kyzylordinskaya
2020,11,12.3,-2.29,Kyzylordinskaya
2020,12,2.17,-10.72,Kyzylordinskaya
2021,1,14.88,-10.43,Kyzylordinskaya
2021,2,16.52,-4.51,Kyzylordinskaya
2021,3,40.92,0.63,Kyzylordinskaya
2021,4,12.0,12.66,Kyzylordinskaya
2021,5,1.55,23.93,Kyzylordinskaya
2021,6,0.6,28.28,Kyzylordinskaya
2021,7,1.24,30.38,Kyzylordinskaya
2021,8,0.31,28.14,Kyzylordinskaya
2021,9,2.1,18.61,Kyzylordinskaya
2021,10,0.62,6.95,Kyzylordinskaya
2021,11,11.4,-1.12,Kyzylordinskaya
2021,12,20.15,-2.49,Kyzylordinskaya
2022,1,17.36,-4.75,Kyzylordinskaya
2022,2,10.64,-1.72,Kyzylordinskaya
2022,3,14.26,2.59,Kyzylordinskaya
2022,4,14.1,16.37,Kyzylordinskaya
2022,5,10.23,21.79,Kyzylordinskaya
2022,6,1.5,29.08,Kyzylordinskaya
2022,7,4.96,29.56,Kyzylordinskaya
2022,8,0.93,26.11,Kyzylordinskaya
2022,9,0.3,20.74,Kyzylordinskaya
2022,10,5.58,9.49,Kyzylordinskaya
2022,11,29.1,0.68,Kyzylordinskaya
2022,12,8.37,-8.56,Kyzylordinskaya
2023,1,17.05,-10.04,Kyzylordinskaya
2023,2,19.32,-5.07,Kyzylordinskaya
2023,3,12.4,6.41,Kyzylordinskaya
2023,4,8.7,13.35,Kyzylordinskaya
2023,5,4.96,21.63,Kyzylordinskaya
2023,6,4.8,27.7,Kyzylordinskaya
2023,7,1.55,31.14,Kyzylordinskaya
2023,8,5.58,26.89,Kyzylordinskaya
2023,9,0.9,18.15,Kyzylordinskaya
2023,10,20.77,11.28,Kyzylordinskaya
2023,11,9.6,5.38,Kyzylordinskaya
2023,12,8.06,-3.87,Kyzylordinskaya
2024,1,17.67,-5.92,Kyzylordinskaya
2024,2,4.93,-4.9,Kyzylordinskaya
2024,3,44.64,3.52,Kyzylordinskaya
2024,4,5.4,15.07,Kyzylordinskaya
2024,5,31.31,19.25,Kyzylordinskaya
2024,6,2.7,28.95,Kyzylordinskaya
2024,7,12.71,28.03,Kyzylordinskaya
2024,8,3.1,27.31,Kyzylordinskaya
2024,9,1.8,17.55,Kyzylordinskaya
2024,10,16.74,10.11,Kyzylordinskaya
2024,11,19.2,1.13,Kyzylordinskaya
2024,12,10.85,-5.26,Kyzylordinskaya
2015,1,12.4,-4.42,Mangistauskaya
2015,2,5.32,-1.36,Mangistauskaya
2015,3,13.95,2.9,Mangistauskaya
2015,4,58.8,11.53,Mangistauskaya
2015,5,16.74,20.33,Mangistauskaya
2015,6,5.4,30.32,Mangistauskaya
2015,7,1.55,30.31,Mangistauskaya
2015,8,0.0,27.95,Mangistauskaya
2015,9,0.3,22.09,Mangistauskaya
2015,10,17.36,9.02,Mangistauskaya
2015,11,20.4,2.48,Mangistauskaya
2015,12,27.59,1.03,Mangistauskaya
2016,1,11.47,-1.23,Mangistauskaya
2016,2,16.82,0.75,Mangistauskaya
2016,3,64.17,7.02,Mangistauskaya
2016,4,32.1,13.01,Mangistauskaya
2016,5,20.77,21.61,Mangistauskaya
2016,6,24.9,26.48,Mangistauskaya
2016,7,22.32,29.29,Mangistauskaya
2016,8,0.0,29.82,Mangistauskaya
2016,9,11.4,20.0,Mangistauskaya
2016,10,8.68,8.4,Mangistauskaya
2016,11,22.8,-0.13,Mangistauskaya
2016,12,22.63,-2.9,Mangistauskaya
2017,1,6.51,-3.14,Mangistauskaya
2017,2,1.4,-3.38,Mangistauskaya
2017,3,11.16,4.57,Mangistauskaya
2017,4,9.6,12.31,Mangistauskaya
2017,5,44.64,20.42,Mangistauskaya
2017,6,11.1,25.45,Mangistauskaya
2017,7,13.64,30.66,Mangistauskaya
2017,8,0.0,29.31,Mangistauskaya
2017,9,0.3,22.7,Mangistauskaya
2017,10,20.77,10.81,Mangistauskaya
2017,11,5.7,5.49,Mangistauskaya
2017,12,8.37,-3.15,Mangistauskaya
2018,1,11.16,-5.0,Mangistauskaya
2018,2,12.32,-1.92,Mangistauskaya
2018,3,42.47,5.03,Mangistauskaya
2018,4,5.7,11.46,Mangistauskaya
2018,5,0.0,22.54,Mangistauskaya
2018,6,0.6,26.74,Mangistauskaya
2018,7,3.1,33.54,Mangistauskaya
2018,8,4.03,26.69,Mangistauskaya
2018,9,0.0,20.89,Mangistauskaya
2018,10,4.96,12.11,Mangistauskaya
2018,11,6.0,0.34,Mangistauskaya
2018,12,10.23,-1.67,Mangistauskaya
2019,1,13.95,-1.88,Mangistauskaya
2019,2,15.96,-0.64,Mangistauskaya
2019,3,29.45,5.67,Mangistauskaya
2019,4,25.2,11.99,Mangistauskaya
2019,5,13.33,22.16,Mangistauskaya
2019,6,3.0,29.2,Mangistauskaya
2019,7,4.96,31.1,Mangistauskaya
2019,8,2.79,26.08,Mangistauskaya
2019,9,4.2,19.29,Mangistauskaya
2019,10,0.93,13.09,Mangistauskaya
2019,11,13.2,-0.4,Mangistauskaya
2019,12,1.55,-0.65,Mangistauskaya
2020,1,4.34,-1.34,Mangistauskaya
2020,2,4.06,1.22,Mangistauskaya
2020,3,1.86,6.58,Mangistauskaya
2020,4,13.5,11.35,Mangistauskaya
2020,5,23.87,22.0,Mangistauskaya
2020,6,0.3,28.91,Mangistauskaya
2020,7,12.09,31.78,Mangistauskaya
2020,8,4.34,25.26,Mangistauskaya
2020,9,7.8,19.4,Mangistauskaya
2020,10,0.31,10.57,Mangistauskaya
2020,11,3.3,1.4,Mangistauskaya
2020,12,0.62,-7.39,Mangistauskaya
2021,1,0.62,-2.96,Mangistauskaya
2021,2,3.64,-0.32,Mangistauskaya
2021,3,8.99,2.15,Mangistauskaya
2021,4,1.5,16.02,Mangistauskaya
2021,5,2.17,24.4,Mangistauskaya
2021,6,3.0,30.58,Mangistauskaya
2021,7,2.79,31.66,Mangistauskaya
2021,8,0.0,30.88,Mangistauskaya
2021,9,0.6,20.3,Mangistauskaya
2021,10,0.62,8.64,Mangistauskaya
2021,11,1.8,1.54,Mangistauskaya
2021,12,1.55,-0.59,Mangistauskaya
2022,1,3.1,-1.26,Mangistauskaya
2022,2,1.96,2.17,Mangistauskaya
2022,3,8.99,3.33,Mangistauskaya
2022,4,0.3,17.39,Mangistauskaya
2022,5,11.47,20.28,Mangistauskaya
2022,6,1.2,29.24,Mangistauskaya
2022,7,4.34,30.34,Mangistauskaya
2022,8,0.31,28.72,Mangistauskaya
2022,9,3.0,22.16,Mangistauskaya
2022,10,3.41,12.44,Mangistauskaya
2022,11,14.1,3.63,Mangistauskaya
2022,12,7.44,-5.29,Mangistauskaya
2023,1,1.24,-5.76,Mangistauskaya
2023,2,6.72,-0.63,Mangistauskaya
2023,3,2.48,9.31,Mangistauskaya
2023,4,19.2,15.24,Mangistauskaya
2023,5,50.84,21.38,Mangistauskaya
2023,6,12.6,27.42,Mangistauskaya
2023,7,4.65,30.47,Mangistauskaya
2023,8,5.58,29.17,Mangistauskaya
2023,9,14.4,19.63,Mangistauskaya
2023,10,11.16,12.2,Mangistauskaya
2023,11,6.9,8.47,Mangistauskaya
2023,12,9.3,-1.0,Mangistauskaya
2024,1,16.12,-3.59,Mangistauskaya
2024,2,2.32,-1.04,Mangistauskaya
2024,3,13.64,4.05,Mangistauskaya
2024,4,0.3,17.13,Mangistauskaya
2024,5,19.84,18.84,Mangistauskaya
2024,6,21.6,28.93,Mangistauskaya
2024,7,10.85,29.54,Mangistauskaya
2024,8,0.93,28.52,Mangistauskaya
2024,9,3.9,20.13,Mangistauskaya
2024,10,21.08,10.91,Mangistauskaya
2024,11,23.4,3.43,Mangistauskaya
2024,12,11.16,-2.76,Mangistauskaya
2015,1,15.19,-16.21,Pavlodarskaya
2015,2,8.4,-13.74,Pavlodarskaya
2015,3,29.14,-7.11,Pavlodarskaya
2015,4,16.2,6.33,Pavlodarskaya
2015,5,28.52,15.31,Pavlodarskaya
2015,6,45.9,21.88,Pavlodarskaya
2015,7,45.88,22.51,Pavlodarskaya
2015,8,43.4,18.76,Pavlodarskaya
2015,9,24.0,11.44,Pavlodarskaya
2015,10,35.03,3.63,Pavlodarskaya
2015,11,31.5,-8.3,Pavlodarskaya
2015,12,27.59,-7.92,Pavlodarskaya
2016,1,9.61,-22.4,Pavlodarskaya
2016,2,10.44,-9.84,Pavlodarskaya
2016,3,11.16,-2.97,Pavlodarskaya
2016,4,13.8,9.22,Pavlodarskaya
2016,5,22.01,13.75,Pavlodarskaya
2016,6,54.3,20.83,Pavlodarskaya
2016,7,84.32,22.14,Pavlodarskaya
2016,8,11.78,20.36,Pavlodarskaya
2016,9,11.4,15.84,Pavlodarskaya
2016,10,49.29,-0.9,Pavlodarskaya
2016,11,35.4,-13.4,Pavlodarskaya
2016,12,40.3,-13.83,Pavlodarskaya
2017,1,17.98,-13.71,Pavlodarskaya
2017,2,19.6,-13.8,Pavlodarskaya
2017,3,18.91,-7.58,Pavlodarskaya
2017,4,15.3,5.96,Pavlodarskaya
2017,5,35.96,14.59,Pavlodarskaya
2017,6,35.1,22.08,Pavlodarskaya
2017,7,66.65,21.45,Pavlodarskaya
2017,8,22.94,20.3,Pavlodarskaya
2017,9,26.1,11.96,Pavlodarskaya
2017,10,35.65,2.41,Pavlodarskaya
2017,11,18.9,-5.02,Pavlodarskaya
2017,12,27.9,-13.39,Pavlodarskaya
2018,1,9.61,-25.01,Pavlodarskaya
2018,2,9.8,-15.47,Pavlodarskaya
2018,3,29.76,-8.03,Pavlodarskaya
2018,4,51.3,4.79,Pavlodarskaya
2018,5,53.63,9.09,Pavlodarskaya
2018,6,48.9,19.73,Pavlodarskaya
2018,7,48.98,21.24,Pavlodarskaya
2018,8,46.5,18.62,Pavlodarskaya
2018,9,43.5,11.19,Pavlodarskaya
2018,10,39.68,3.72,Pavlodarskaya
2018,11,30.3,-7.18,Pavlodarskaya
2018,12,11.47,-21.01,Pavlodarskaya
2019,1,4.96,-17.67,Pavlodarskaya
2019,2,17.92,-16.56,Pavlodarskaya
2019,3,12.09,-4.64,Pavlodarskaya
2019,4,34.8,4.84,Pavlodarskaya
2019,5,12.09,12.21,Pavlodarskaya
2019,6,69.6,17.33,Pavlodarskaya
2019,7,25.11,22.67,Pavlodarskaya
2019,8,15.19,21.05,Pavlodarskaya
2019,9,23.7,12.19,Pavlodarskaya
2019,10,22.94,5.84,Pavlodarskaya
2019,11,16.2,-8.48,Pavlodarskaya
2019,12,31.0,-11.31,Pavlodarskaya
2020,1,31.62,-11.51,Pavlodarskaya
2020,2,29.87,-9.85,Pavlodarskaya
2020,3,7.44,-4.8,Pavlodarskaya
2020,4,13.8,9.64,Pavlodarskaya
2020,5,12.71,18.89,Pavlodarskaya
2020,6,18.3,19.89,Pavlodarskaya
2020,7,53.32,22.77,Pavlodarskaya
2020,8,14.88,20.94,Pavlodarskaya
2020,9,35.4,11.85,Pavlodarskaya
2020,10,23.87,3.55,Pavlodarskaya
2020,11,28.5,-5.04,Pavlodarskaya
2020,12,20.46,-16.93,Pavlodarskaya
2021,1,13.02,-22.01,Pavlodarskaya
2021,2,26.32,-15.12,Pavlodarskaya
2021,3,28.52,-7.53,Pavlodarskaya
2021,4,9.0,4.46,Pavlodarskaya
2021,5,5.58,17.29,Pavlodarskaya
2021,6,60.9,18.52,Pavlodarskaya
2021,7,35.96,22.3,Pavlodarskaya
2021,8,37.82,20.53,Pavlodarskaya
2021,9,27.6,10.48,Pavlodarskaya
2021,10,25.42,2.96,Pavlodarskaya
2021,11,26.7,-6.25,Pavlodarskaya
2021,12,19.22,-11.65,Pavlodarskaya
2022,1,16.12,-16.05,Pavlodarskaya
2022,2,12.88,-12.99,Pavlodarskaya
2022,3,19.53,-8.52,Pavlodarskaya
2022,4,16.5,7.58,Pavlodarskaya
2022,5,13.02,17.07,Pavlodarskaya
2022,6,35.4,20.71,Pavlodarskaya
2022,7,47.43,22.42,Pavlodarskaya
2022,8,21.08,18.32,Pavlodarskaya
2022,9,11.7,14.08,Pavlodarskaya
2022,10,14.88,4.71,Pavlodarskaya
2022,11,24.9,-8.19,Pavlodarskaya
2022,12,21.7,-17.55,Pavlodarskaya
2023,1,21.7,-14.66,Pavlodarskaya
2023,2,12.32,-14.28,Pavlodarskaya
2023,3,20.77,-3.95,Pavlodarskaya
2023,4,18.3,3.81,Pavlodarskaya
2023,5,9.3,13.96,Pavlodarskaya
2023,6,25.2,22.0,Pavlodarskaya
2023,7,33.79,25.3,Pavlodarskaya
2023,8,62.31,20.53,Pavlodarskaya
2023,9,48.9,13.78,Pavlodarskaya
2023,10,31.31,5.82,Pavlodarskaya
2023,11,30.9,-2.04,Pavlodarskaya
2023,12,40.3,-14.41,Pavlodarskaya
2024,1,20.46,-17.17,Pavlodarskaya
2024,2,33.06,-15.73,Pavlodarskaya
2024,3,21.39,-5.03,Pavlodarskaya
2024,4,26.1,7.16,Pavlodarskaya
2024,5,113.15,11.39,Pavlodarskaya
2024,6,38.1,21.95,Pavlodarskaya
2024,7,70.37,23.24,Pavlodarskaya
2024,8,91.76,19.41,Pavlodarskaya
2024,9,48.6,10.53,Pavlodarskaya
2024,10,22.32,3.48,Pavlodarskaya
2024,11,27.0,-5.44,Pavlodarskaya
2024,12,13.64,-12.64,Pavlodarskaya
2015,1,22.63,-16.31,Severo-kazachstanskaya
2015,2,16.8,-12.64,Severo-kazachstanskaya
2015,3,18.6,-7.16,Severo-kazachstanskaya
2015,4,26.7,4.11,Severo-kazachstanskaya
2015,5,68.2,13.47,Severo-kazachstanskaya
2015,6,51.3,20.75,Severo-kazachstanskaya
2015,7,65.41,19.24,Severo-kazachstanskaya
2015,8,38.44,16.15,Severo-kazachstanskaya
2015,9,49.2,10.71,Severo-kazachstanskaya
2015,10,63.55,1.09,Severo-kazachstanskaya
2015,11,40.2,-11.54,Severo-kazachstanskaya
2015,12,37.51,-9.67,Severo-kazachstanskaya
2016,1,12.4,-22.01,Severo-kazachstanskaya
2016,2,21.46,-9.2,Severo-kazachstanskaya
2016,3,35.65,-5.06,Severo-kazachstanskaya
2016,4,24.9,7.48,Severo-kazachstanskaya
2016,5,15.5,12.3,Severo-kazachstanskaya
2016,6,112.2,17.59,Severo-kazachstanskaya
2016,7,101.99,19.23,Severo-kazachstanskaya
2016,8,22.32,20.84,Severo-kazachstanskaya
2016,9,47.1,13.06,Severo-kazachstanskaya
2016,10,37.51,-0.63,Severo-kazachstanskaya
2016,11,38.1,-13.95,Severo-kazachstanskaya
2016,12,41.23,-17.17,Severo-kazachstanskaya
2017,1,19.53,-14.55,Severo-kazachstanskaya
2017,2,18.2,-13.78,Severo-kazachstanskaya
2017,3,19.22,-7.48,Severo-kazachstanskaya
2017,4,27.9,4.16,Severo-kazachstanskaya
2017,5,37.82,12.3,Severo-kazachstanskaya
2017,6,44.1,19.19,Severo-kazachstanskaya
2017,7,59.21,19.54,Severo-kazachstanskaya
2017,8,21.08,19.93,Severo-kazachstanskaya
2017,9,20.4,10.89,Severo-kazachstanskaya
2017,10,45.57,0.93,Severo-kazachstanskaya
2017,11,15.3,-5.61,Severo-kazachstanskaya
2017,12,14.57,-14.19,Severo-kazachstanskaya
2018,1,11.78,-23.21,Severo-kazachstanskaya
2018,2,8.96,-15.08,Severo-kazachstanskaya
2018,3,30.38,-9.54,Severo-kazachstanskaya
2018,4,27.9,2.44,Severo-kazachstanskaya
2018,5,63.55,8.7,Severo-kazachstanskaya
2018,6,70.2,15.9,Severo-kazachstanskaya
2018,7,74.09,20.79,Severo-kazachstanskaya
2018,8,154.07,16.52,Severo-kazachstanskaya
2018,9,21.3,10.89,Severo-kazachstanskaya
2018,10,49.91,3.33,Severo-kazachstanskaya
2018,11,39.0,-7.52,Severo-kazachstanskaya
2018,12,17.98,-19.52,Severo-kazachstanskaya
2019,1,13.95,-16.72,Severo-kazachstanskaya
2019,2,22.68,-15.96,Severo-kazachstanskaya
2019,3,21.39,-4.93,Severo-kazachstanskaya
2019,4,39.3,3.1,Severo-kazachstanskaya
2019,5,30.38,11.5,Severo-kazachstanskaya
2019,6,64.2,15.48,Severo-kazachstanskaya
2019,7,31.62,21.18,Severo-kazachstanskaya
2019,8,46.5,18.44,Severo-kazachstanskaya
2019,9,57.9,10.02,Severo-kazachstanskaya
2019,10,42.47,4.91,Severo-kazachstanskaya
2019,11,12.3,-8.26,Severo-kazachstanskaya
2019,12,27.9,-12.22,Severo-kazachstanskaya
2020,1,32.24,-11.75,Severo-kazachstanskaya
2020,2,35.38,-9.09,Severo-kazachstanskaya
2020,3,20.77,-4.35,Severo-kazachstanskaya
2020,4,42.9,7.2,Severo-kazachstanskaya
2020,5,26.35,16.43,Severo-kazachstanskaya
2020,6,47.1,16.94,Severo-kazachstanskaya
2020,7,42.78,22.1,Severo-kazachstanskaya
2020,8,37.2,20.05,Severo-kazachstanskaya
2020,9,32.7,11.12,Severo-kazachstanskaya
2020,10,35.34,3.99,Severo-kazachstanskaya
2020,11,17.1,-6.24,Severo-kazachstanskaya
2020,12,16.43,-15.65,Severo-kazachstanskaya
2021,1,28.83,-21.42,Severo-kazachstanskaya
2021,2,35.56,-16.15,Severo-kazachstanskaya
2021,3,23.87,-8.26,Severo-kazachstanskaya
2021,4,15.3,3.84,Severo-kazachstanskaya
2021,5,20.15,17.65,Severo-kazachstanskaya
2021,6,25.8,18.73,Severo-kazachstanskaya
2021,7,58.59,21.65,Severo-kazachstanskaya
2021,8,41.23,20.57,Severo-kazachstanskaya
2021,9,27.3,9.46,Severo-kazachstanskaya
2021,10,19.53,3.39,Severo-kazachstanskaya
2021,11,20.1,-7.1,Severo-kazachstanskaya
2021,12,18.6,-13.46,Severo-kazachstanskaya
2022,1,17.67,-15.74,Severo-kazachstanskaya
2022,2,11.76,-11.76,Severo-kazachstanskaya
2022,3,17.98,-9.16,Severo-kazachstanskaya
2022,4,10.8,7.19,Severo-kazachstanskaya
2022,5,25.11,14.4,Severo-kazachstanskaya
2022,6,47.7,18.64,Severo-kazachstanskaya
2022,7,80.91,21.32,Severo-kazachstanskaya
2022,8,24.18,18.49,Severo-kazachstanskaya
2022,9,24.6,12.96,Severo-kazachstanskaya
2022,10,28.21,3.32,Severo-kazachstanskaya
2022,11,56.4,-11.92,Severo-kazachstanskaya
2022,12,13.02,-18.53,Severo-kazachstanskaya
2023,1,20.77,-15.64,Severo-kazachstanskaya
2023,2,19.04,-13.34,Severo-kazachstanskaya
2023,3,26.04,-4.08,Severo-kazachstanskaya
2023,4,3.6,4.74,Severo-kazachstanskaya
2023,5,29.76,13.94,Severo-kazachstanskaya
2023,6,52.5,19.78,Severo-kazachstanskaya
2023,7,21.08,24.78,Severo-kazachstanskaya
2023,8,54.56,19.51,Severo-kazachstanskaya
2023,9,84.3,12.72,Severo-kazachstanskaya
2023,10,47.43,4.93,Severo-kazachstanskaya
2023,11,64.5,-3.32,Severo-kazachstanskaya
2023,12,50.53,-16.92,Severo-kazachstanskaya
2024,1,32.86,-17.25,Severo-kazachstanskaya
2024,2,19.14,-15.97,Severo-kazachstanskaya
2024,3,18.6,-5.6,Severo-kazachstanskaya
2024,4,26.7,6.37,Severo-kazachstanskaya
2024,5,52.7,9.25,Severo-kazachstanskaya
2024,6,101.7,19.84,Severo-kazachstanskaya
2024,7,78.74,20.75,Severo-kazachstanskaya
2024,8,84.63,17.39,Severo-kazachstanskaya
2024,9,27.3,10.94,Severo-kazachstanskaya
2024,10,24.18,2.43,Severo-kazachstanskaya
2024,11,36.9,-7.31,Severo-kazachstanskaya
2024,12,18.29,-11.65,Severo-kazachstanskaya
2015,1,26.04,-14.66,Vostochno-kazachstanskaya
2015,2,22.96,-11.47,Vostochno-kazachstanskaya
2015,3,35.03,-6.58,Vostochno-kazachstanskaya
2015,4,22.2,6.25,Vostochno-kazachstanskaya
2015,5,40.3,14.09,Vostochno-kazachstanskaya
2015,6,21.3,20.58,Vostochno-kazachstanskaya
2015,7,22.63,22.67,Vostochno-kazachstanskaya
2015,8,24.8,20.02,Vostochno-kazachstanskaya
2015,9,30.6,10.44,Vostochno-kazachstanskaya
2015,10,23.56,4.43,Vostochno-kazachstanskaya
2015,11,36.0,-6.04,Vostochno-kazachstanskaya
2015,12,37.82,-7.84,Vostochno-kazachstanskaya
2016,1,17.67,-16.46,Vostochno-kazachstanskaya
2016,2,19.43,-10.09,Vostochno-kazachstanskaya
2016,3,22.63,-1.96,Vostochno-kazachstanskaya
2016,4,20.7,7.81,Vostochno-kazachstanskaya
2016,5,31.62,11.86,Vostochno-kazachstanskaya
2016,6,81.3,19.46,Vostochno-kazachstanskaya
2016,7,78.43,21.74,Vostochno-kazachstanskaya
2016,8,15.5,17.48,Vostochno-kazachstanskaya
2016,9,8.7,15.75,Vostochno-kazachstanskaya
2016,10,41.23,-0.54,Vostochno-kazachstanskaya
2016,11,65.7,-13.59,Vostochno-kazachstanskaya
2016,12,21.39,-10.57,Vostochno-kazachstanskaya
2017,1,15.19,-12.66,Vostochno-kazachstanskaya
2017,2,15.96,-12.17,Vostochno-kazachstanskaya
2017,3,17.67,-6.2,Vostochno-kazachstanskaya
2017,4,21.0,6.68,Vostochno-kazachstanskaya
2017,5,6.82,14.34,Vostochno-kazachstanskaya
2017,6,33.6,22.55,Vostochno-kazachstanskaya
2017,7,36.58,23.0,Vostochno-kazachstanskaya
2017,8,9.3,19.33,Vostochno-kazachstanskaya
2017,9,27.3,12.27,Vostochno-kazachstanskaya
2017,10,22.63,3.41,Vostochno-kazachstanskaya
2017,11,15.6,-3.84,Vostochno-kazachstanskaya
2017,12,16.74,-11.83,Vostochno-kazachstanskaya
2018,1,3.1,-23.57,Vostochno-kazachstanskaya
2018,2,11.48,-12.62,Vostochno-kazachstanskaya
2018,3,59.52,-3.52,Vostochno-kazachstanskaya
2018,4,33.0,5.23,Vostochno-kazachstanskaya
2018,5,57.35,9.38,Vostochno-kazachstanskaya
2018,6,20.4,20.36,Vostochno-kazachstanskaya
2018,7,36.27,19.66,Vostochno-kazachstanskaya
2018,8,44.02,19.76,Vostochno-kazachstanskaya
2018,9,27.9,10.3,Vostochno-kazachstanskaya
2018,10,27.9,4.11,Vostochno-kazachstanskaya
2018,11,42.6,-8.84,Vostochno-kazachstanskaya
2018,12,9.92,-18.23,Vostochno-kazachstanskaya
2019,1,18.6,-15.41,Vostochno-kazachstanskaya
2019,2,10.36,-13.99,Vostochno-kazachstanskaya
2019,3,6.2,-2.4,Vostochno-kazachstanskaya
2019,4,16.8,6.44,Vostochno-kazachstanskaya
2019,5,42.16,10.42,Vostochno-kazachstanskaya
2019,6,50.7,17.79,Vostochno-kazachstanskaya
2019,7,31.62,21.42,Vostochno-kazachstanskaya
2019,8,21.39,21.06,Vostochno-kazachstanskaya
2019,9,12.3,13.15,Vostochno-kazachstanskaya
2019,10,28.21,5.31,Vostochno-kazachstanskaya
2019,11,33.6,-7.96,Vostochno-kazachstanskaya
2019,12,26.97,-9.35,Vostochno-kazachstanskaya
2020,1,24.49,-12.19,Vostochno-kazachstanskaya
2020,2,26.68,-8.45,Vostochno-kazachstanskaya
2020,3,8.37,-4.14,Vostochno-kazachstanskaya
2020,4,30.0,9.3,Vostochno-kazachstanskaya
2020,5,11.16,16.24,Vostochno-kazachstanskaya
2020,6,34.5,18.43,Vostochno-kazachstanskaya
2020,7,65.1,20.62,Vostochno-kazachstanskaya
2020,8,14.57,19.88,Vostochno-kazachstanskaya
2020,9,26.7,11.01,Vostochno-kazachstanskaya
2020,10,27.28,2.3,Vostochno-kazachstanskaya
2020,11,23.4,-5.97,Vostochno-kazachstanskaya
2020,12,12.4,-14.59,Vostochno-kazachstanskaya
2021,1,12.4,-17.26,Vostochno-kazachstanskaya
2021,2,15.68,-9.87,Vostochno-kazachstanskaya
2021,3,32.55,-3.56,Vostochno-kazachstanskaya
2021,4,10.5,5.36,Vostochno-kazachstanskaya
2021,5,18.91,14.73,Vostochno-kazachstanskaya
2021,6,45.9,17.14,Vostochno-kazachstanskaya
2021,7,21.39,22.6,Vostochno-kazachstanskaya
2021,8,39.37,19.34,Vostochno-kazachstanskaya
2021,9,8.4,12.19,Vostochno-kazachstanskaya
2021,10,29.14,2.16,Vostochno-kazachstanskaya
2021,11,32.1,-6.17,Vostochno-kazachstanskaya
2021,12,21.39,-9.85,Vostochno-kazachstanskaya
2022,1,25.73,-13.12,Vostochno-kazachstanskaya
2022,2,7.28,-12.48,Vostochno-kazachstanskaya
2022,3,39.06,-5.51,Vostochno-kazachstanskaya
2022,4,9.3,7.84,Vostochno-kazachstanskaya
2022,5,16.74,16.7,Vostochno-kazachstanskaya
2022,6,24.3,21.93,Vostochno-kazachstanskaya
2022,7,19.53,22.99,Vostochno-kazachstanskaya
2022,8,10.23,18.05,Vostochno-kazachstanskaya
2022,9,7.5,14.3,Vostochno-kazachstanskaya
2022,10,12.4,4.4,Vostochno-kazachstanskaya
2022,11,34.2,-6.48,Vostochno-kazachstanskaya
2022,12,13.02,-15.38,Vostochno-kazachstanskaya
2023,1,23.56,-13.93,Vostochno-kazachstanskaya
2023,2,29.12,-10.57,Vostochno-kazachstanskaya
2023,3,36.58,-1.38,Vostochno-kazachstanskaya
2023,4,38.4,3.66,Vostochno-kazachstanskaya
2023,5,15.5,11.66,Vostochno-kazachstanskaya
2023,6,13.8,20.56,Vostochno-kazachstanskaya
2023,7,21.39,24.3,Vostochno-kazachstanskaya
2023,8,60.45,20.16,Vostochno-kazachstanskaya
2023,9,49.2,12.77,Vostochno-kazachstanskaya
2023,10,47.43,6.54,Vostochno-kazachstanskaya
2023,11,18.6,-0.45,Vostochno-kazachstanskaya
2023,12,26.04,-11.12,Vostochno-kazachstanskaya
2024,1,17.36,-12.41,Vostochno-kazachstanskaya
2024,2,47.27,-15.65,Vostochno-kazachstanskaya
2024,3,8.37,-3.62,Vostochno-kazachstanskaya
2024,4,14.1,6.8,Vostochno-kazachstanskaya
2024,5,58.59,14.01,Vostochno-kazachstanskaya
2024,6,67.8,20.64,Vostochno-kazachstanskaya
2024,7,54.56,22.63,Vostochno-kazachstanskaya
2024,8,18.6,22.07,Vostochno-kazachstanskaya
2024,9,33.3,9.24,Vostochno-kazachstanskaya
2024,10,23.25,4.35,Vostochno-kazachstanskaya
2024,11,40.8,-3.83,Vostochno-kazachstanskaya
2024,12,25.73,-11.59,Vostochno-kazachstanskaya
2015,1,52.08,-2.39,Yujno-kazachstanskaya
2015,2,59.08,2.43,Yujno-kazachstanskaya
2015,3,40.92,5.88,Yujno-kazachstanskaya
2015,4,24.6,16.96,Yujno-kazachstanskaya
2015,5,17.67,23.48,Yujno-kazachstanskaya
2015,6,9.0,29.51,Yujno-kazachstanskaya
2015,7,0.0,32.33,Yujno-kazachstanskaya
2015,8,4.96,28.11,Yujno-kazachstanskaya
2015,9,5.7,21.15,Yujno-kazachstanskaya
2015,10,53.63,13.28,Yujno-kazachstanskaya
2015,11,56.1,4.69,Yujno-kazachstanskaya
2015,12,40.3,2.04,Yujno-kazachstanskaya
2016,1,52.7,2.65,Yujno-kazachstanskaya
2016,2,2.9,4.6,Yujno-kazachstanskaya
2016,3,67.58,11.68,Yujno-kazachstanskaya
2016,4,29.1,15.83,Yujno-kazachstanskaya
2016,5,39.68,22.69,Yujno-kazachstanskaya
2016,6,27.0,28.38,Yujno-kazachstanskaya
2016,7,6.82,30.28,Yujno-kazachstanskaya
2016,8,1.24,29.6,Yujno-kazachstanskaya
2016,9,0.9,24.6,Yujno-kazachstanskaya
2016,10,36.58,10.03,Yujno-kazachstanskaya
2016,11,30.6,2.77,Yujno-kazachstanskaya
2016,12,77.19,0.07,Yujno-kazachstanskaya
2017,1,53.32,-1.39,Yujno-kazachstanskaya
2017,2,93.8,-2.13,Yujno-kazachstanskaya
2017,3,43.71,5.18,Yujno-kazachstanskaya
2017,4,38.4,13.48,Yujno-kazachstanskaya
2017,5,22.94,23.19,Yujno-kazachstanskaya
2017,6,6.0,27.35,Yujno-kazachstanskaya
2017,7,0.31,30.89,Yujno-kazachstanskaya
2017,8,1.55,28.74,Yujno-kazachstanskaya
2017,9,5.7,22.43,Yujno-kazachstanskaya
2017,10,24.49,13.18,Yujno-kazachstanskaya
2017,11,20.4,7.08,Yujno-kazachstanskaya
2017,12,34.1,-2.56,Yujno-kazachstanskaya
2018,1,10.54,-2.79,Yujno-kazachstanskaya
2018,2,43.4,-0.41,Yujno-kazachstanskaya
2018,3,49.29,10.09,Yujno-kazachstanskaya
2018,4,22.8,15.04,Yujno-kazachstanskaya
2018,5,15.81,20.46,Yujno-kazachstanskaya
2018,6,7.2,27.2,Yujno-kazachstanskaya
2018,7,0.0,31.93,Yujno-kazachstanskaya
2018,8,0.62,27.94,Yujno-kazachstanskaya
2018,9,0.3,20.77,Yujno-kazachstanskaya
2018,10,21.7,12.33,Yujno-kazachstanskaya
2018,11,42.6,2.05,Yujno-kazachstanskaya
2018,12,23.87,-0.32,Yujno-kazachstanskaya
2019,1,39.06,1.27,Yujno-kazachstanskaya
2019,2,22.68,2.85,Yujno-kazachstanskaya
2019,3,38.75,10.98,Yujno-kazachstanskaya
2019,4,71.4,14.93,Yujno-kazachstanskaya
2019,5,8.06,21.36,Yujno-kazachstanskaya
2019,6,9.3,27.19,Yujno-kazachstanskaya
2019,7,0.31,33.07,Yujno-kazachstanskaya
2019,8,0.0,28.45,Yujno-kazachstanskaya
2019,9,1.8,20.87,Yujno-kazachstanskaya
2019,10,5.27,14.32,Yujno-kazachstanskaya
2019,11,12.9,1.91,Yujno-kazachstanskaya
2019,12,26.97,1.77,Yujno-kazachstanskaya
2020,1,27.9,-1.44,Yujno-kazachstanskaya
2020,2,47.27,4.12,Yujno-kazachstanskaya
2020,3,5.58,9.33,Yujno-kazachstanskaya
2020,4,63.9,16.36,Yujno-kazachstanskaya
2020,5,37.82,23.02,Yujno-kazachstanskaya
2020,6,1.5,27.49,Yujno-kazachstanskaya
2020,7,1.24,30.92,Yujno-kazachstanskaya
2020,8,8.37,28.01,Yujno-kazachstanskaya
2020,9,0.9,19.51,Yujno-kazachstanskaya
2020,10,0.0,10.78,Yujno-kazachstanskaya
2020,11,24.0,1.64,Yujno-kazachstanskaya
2020,12,30.07,-5.29,Yujno-kazachstanskaya
2021,1,11.47,-5.17,Yujno-kazachstanskaya
2021,2,22.4,3.38,Yujno-kazachstanskaya
2021,3,74.4,6.33,Yujno-kazachstanskaya
2021,4,13.5,14.86,Yujno-kazachstanskaya
2021,5,8.06,24.52,Yujno-kazachstanskaya
2021,6,0.9,29.52,Yujno-kazachstanskaya
2021,7,0.93,32.16,Yujno-kazachstanskaya
2021,8,0.0,29.88,Yujno-kazachstanskaya
2021,9,0.0,23.1,Yujno-kazachstanskaya
2021,10,13.95,10.01,Yujno-kazachstanskaya
2021,11,5.1,3.43,Yujno-kazachstanskaya
2021,12,25.11,3.48,Yujno-kazachstanskaya
2022,1,46.5,1.03,Yujno-kazachstanskaya
2022,2,19.04,3.87,Yujno-kazachstanskaya
2022,3,105.71,6.96,Yujno-kazachstanskaya
2022,4,7.5,19.36,Yujno-kazachstanskaya
2022,5,43.09,22.44,Yujno-kazachstanskaya
2022,6,7.2,29.76,Yujno-kazachstanskaya
2022,7,0.0,31.64,Yujno-kazachstanskaya
2022,8,0.62,28.0,Yujno-kazachstanskaya
2022,9,0.0,24.04,Yujno-kazachstanskaya
2022,10,35.65,13.88,Yujno-kazachstanskaya
2022,11,70.8,5.83,Yujno-kazachstanskaya
2022,12,9.92,-3.71,Yujno-kazachstanskaya
2023,1,36.89,-6.79,Yujno-kazachstanskaya
2023,2,46.48,1.96,Yujno-kazachstanskaya
2023,3,19.22,11.99,Yujno-kazachstanskaya
2023,4,20.1,15.74,Yujno-kazachstanskaya
2023,5,8.37,21.7,Yujno-kazachstanskaya
2023,6,0.0,29.45,Yujno-kazachstanskaya
2023,7,1.55,32.5,Yujno-kazachstanskaya
2023,8,21.39,28.18,Yujno-kazachstanskaya
2023,9,0.6,20.61,Yujno-kazachstanskaya
2023,10,19.53,14.97,Yujno-kazachstanskaya
2023,11,34.8,9.35,Yujno-kazachstanskaya
2023,12,26.35,0.26,Yujno-kazachstanskaya
2024,1,37.82,0.59,Yujno-kazachstanskaya
2024,2,33.35,0.39,Yujno-kazachstanskaya
2024,3,59.21,7.39,Yujno-kazachstanskaya
2024,4,25.5,16.08,Yujno-kazachstanskaya
2024,5,43.4,20.7,Yujno-kazachstanskaya
2024,6,0.6,29.3,Yujno-kazachstanskaya
2024,7,10.23,30.54,Yujno-kazachstanskaya
2024,8,0.0,29.38,Yujno-kazachstanskaya
2024,9,0.9,20.57,Yujno-kazachstanskaya
2024,10,36.58,13.54,Yujno-kazachstanskaya
2024,11,33.3,6.67,Yujno-kazachstanskaya
2024,12,27.59,-1.72,Yujno-kazachstanskaya
2015,1,27.9,-13.6,Zapadno-kazachstanskaya
2015,2,12.04,-9.52,Zapadno-kazachstanskaya
2015,3,6.51,-2.94,Zapadno-kazachstanskaya
2015,4,30.3,7.91,Zapadno-kazachstanskaya
2015,5,22.94,17.67,Zapadno-kazachstanskaya
2015,6,4.8,27.88,Zapadno-kazachstanskaya
2015,7,16.43,25.75,Zapadno-kazachstanskaya
2015,8,5.89,23.31,Zapadno-kazachstanskaya
2015,9,16.2,18.78,Zapadno-kazachstanskaya
2015,10,9.61,5.19,Zapadno-kazachstanskaya
2015,11,50.1,-0.45,Zapadno-kazachstanskaya
2015,12,39.06,-3.67,Zapadno-kazachstanskaya
2016,1,47.43,-12.64,Zapadno-kazachstanskaya
2016,2,26.39,-4.84,Zapadno-kazachstanskaya
2016,3,31.93,0.99,Zapadno-kazachstanskaya
2016,4,64.2,10.8,Zapadno-kazachstanskaya
2016,5,63.24,17.58,Zapadno-kazachstanskaya
2016,6,36.9,21.99,Zapadno-kazachstanskaya
2016,7,35.03,25.27,Zapadno-kazachstanskaya
2016,8,6.82,28.34,Zapadno-kazachstanskaya
2016,9,66.0,15.07,Zapadno-kazachstanskaya
2016,10,26.04,5.6,Zapadno-kazachstanskaya
2016,11,28.8,-3.41,Zapadno-kazachstanskaya
2016,12,41.23,-12.78,Zapadno-kazachstanskaya
2017,1,11.47,-11.34,Zapadno-kazachstanskaya
2017,2,35.0,-10.13,Zapadno-kazachstanskaya
2017,3,22.63,-1.57,Zapadno-kazachstanskaya
2017,4,34.5,7.67,Zapadno-kazachstanskaya
2017,5,31.62,15.23,Zapadno-kazachstanskaya
2017,6,36.3,20.26,Zapadno-kazachstanskaya
2017,7,8.37,25.92,Zapadno-kazachstanskaya
2017,8,2.79,26.61,Zapadno-kazachstanskaya
2017,9,5.7,18.08,Zapadno-kazachstanskaya
2017,10,35.34,6.34,Zapadno-kazachstanskaya
2017,11,31.2,0.92,Zapadno-kazachstanskaya
2017,12,30.07,-8.06,Zapadno-kazachstanskaya
2018,1,8.68,-14.4,Zapadno-kazachstanskaya
2018,2,19.04,-10.87,Zapadno-kazachstanskaya
2018,3,45.57,-7.65,Zapadno-kazachstanskaya
2018,4,22.2,7.01,Zapadno-kazachstanskaya
2018,5,35.96,18.42,Zapadno-kazachstanskaya
2018,6,5.4,21.9,Zapadno-kazachstanskaya
2018,7,31.93,28.01,Zapadno-kazachstanskaya
2018,8,7.44,23.88,Zapadno-kazachstanskaya
2018,9,15.6,18.2,Zapadno-kazachstanskaya
2018,10,17.98,8.19,Zapadno-kazachstanskaya
2018,11,24.0,-2.84,Zapadno-kazachstanskaya
2018,12,45.57,-9.68,Zapadno-kazachstanskaya
2019,1,29.45,-13.33,Zapadno-kazachstanskaya
2019,2,17.92,-9.69,Zapadno-kazachstanskaya
2019,3,39.06,-1.12,Zapadno-kazachstanskaya
2019,4,26.1,9.23,Zapadno-kazachstanskaya
2019,5,13.95,19.34,Zapadno-kazachstanskaya
2019,6,27.6,24.84,Zapadno-kazachstanskaya
2019,7,45.57,24.96,Zapadno-kazachstanskaya
2019,8,8.37,21.83,Zapadno-kazachstanskaya
2019,9,27.3,14.16,Zapadno-kazachstanskaya
2019,10,15.19,9.45,Zapadno-kazachstanskaya
2019,11,5.4,-2.43,Zapadno-kazachstanskaya
2019,12,21.39,-5.83,Zapadno-kazachstanskaya
2020,1,16.74,-6.52,Zapadno-kazachstanskaya
2020,2,39.44,-4.88,Zapadno-kazachstanskaya
2020,3,7.75,4.07,Zapadno-kazachstanskaya
2020,4,17.1,7.72,Zapadno-kazachstanskaya
2020,5,21.39,17.91,Zapadno-kazachstanskaya
2020,6,72.3,23.18,Zapadno-kazachstanskaya
2020,7,19.84,27.98,Zapadno-kazachstanskaya
2020,8,34.41,21.72,Zapadno-kazachstanskaya
2020,9,27.9,15.85,Zapadno-kazachstanskaya
2020,10,9.92,8.49,Zapadno-kazachstanskaya
2020,11,19.5,-1.69,Zapadno-kazachstanskaya
2020,12,15.81,-12.57,Zapadno-kazachstanskaya
2021,1,23.87,-10.48,Zapadno-kazachstanskaya
2021,2,40.32,-10.98,Zapadno-kazachstanskaya
2021,3,38.13,-5.19,Zapadno-kazachstanskaya
2021,4,42.6,9.43,Zapadno-kazachstanskaya
2021,5,15.19,22.03,Zapadno-kazachstanskaya
2021,6,21.9,26.91,Zapadno-kazachstanskaya
2021,7,27.59,27.72,Zapadno-kazachstanskaya
2021,8,1.24,28.86,Zapadno-kazachstanskaya
2021,9,34.8,14.66,Zapadno-kazachstanskaya
2021,10,11.78,6.96,Zapadno-kazachstanskaya
2021,11,32.7,-0.48,Zapadno-kazachstanskaya
2021,12,48.05,-6.25,Zapadno-kazachstanskaya
2022,1,34.72,-9.39,Zapadno-kazachstanskaya
2022,2,15.68,-4.75,Zapadno-kazachstanskaya
2022,3,45.57,-2.52,Zapadno-kazachstanskaya
2022,4,33.3,11.78,Zapadno-kazachstanskaya
2022,5,83.7,12.81,Zapadno-kazachstanskaya
2022,6,3.9,22.8,Zapadno-kazachstanskaya
2022,7,65.72,24.76,Zapadno-kazachstanskaya
2022,8,4.96,26.64,Zapadno-kazachstanskaya
2022,9,24.9,17.5,Zapadno-kazachstanskaya
2022,10,46.5,8.45,Zapadno-kazachstanskaya
2022,11,50.7,-0.68,Zapadno-kazachstanskaya
2022,12,18.91,-8.52,Zapadno-kazachstanskaya
2023,1,15.5,-14.78,Zapadno-kazachstanskaya
2023,2,45.36,-8.81,Zapadno-kazachstanskaya
2023,3,19.22,4.29,Zapadno-kazachstanskaya
2023,4,39.9,10.74,Zapadno-kazachstanskaya
2023,5,92.69,17.63,Zapadno-kazachstanskaya
2023,6,21.0,21.89,Zapadno-kazachstanskaya
2023,7,60.45,24.85,Zapadno-kazachstanskaya
2023,8,6.51,24.94,Zapadno-kazachstanskaya
2023,9,17.1,16.97,Zapadno-kazachstanskaya
2023,10,80.29,7.95,Zapadno-kazachstanskaya
2023,11,58.5,2.44,Zapadno-kazachstanskaya
2023,12,42.78,-6.07,Zapadno-kazachstanskaya
2024,1,48.67,-13.63,Zapadno-kazachstanskaya
2024,2,18.85,-11.26,Zapadno-kazachstanskaya
2024,3,27.9,-2.87,Zapadno-kazachstanskaya
2024,4,17.4,14.74,Zapadno-kazachstanskaya
2024,5,25.73,13.7,Zapadno-kazachstanskaya
2024,6,43.2,24.75,Zapadno-kazachstanskaya
2024,7,60.76,25.82,Zapadno-kazachstanskaya
2024,8,5.58,23.36,Zapadno-kazachstanskaya
2024,9,0.0,17.64,Zapadno-kazachstanskaya
2024,10,39.68,8.52,Zapadno-kazachstanskaya
2024,11,28.5,-0.58,Zapadno-kazachstanskaya
2024,12,20.15,-6.05,Zapadno-kazachstanskaya
