oblast,year,month,ndvi,river_flow_m3s,irrigation_efficiency
Akmolinskaya,2015,1,0.294,100.0,0.556
Akmolinskaya,2015,2,0.23,100.0,0.446
Akmolinskaya,2015,3,0.348,100.0,0.594
Akmolinskaya,2015,4,0.329,166.9,0.552
Akmolinskaya,2015,5,0.602,167.3,0.44
Akmolinskaya,2015,6,0.67,181.5,0.562
Akmolinskaya,2015,7,0.628,188.0,0.434
Akmolinskaya,2015,8,0.728,100.0,0.428
Akmolinskaya,2015,9,0.753,100.0,0.463
Akmolinskaya,2015,10,0.309,100.0,0.566
Akmolinskaya,2015,11,0.236,100.0,0.462
Akmolinskaya,2015,12,0.234,100.0,0.407
Akmolinskaya,2016,1,0.324,100.0,0.474
Akmolinskaya,2016,2,0.273,100.0,0.47
Akmolinskaya,2016,3,0.202,100.0,0.497
Akmolinskaya,2016,4,0.388,196.3,0.465
Akmolinskaya,2016,5,0.712,184.5,0.414
Akmolinskaya,2016,6,0.717,191.0,0.524
Akmolinskaya,2016,7,0.604,147.5,0.425
Akmolinskaya,2016,8,0.583,100.0,0.454
Akmolinskaya,2016,9,0.646,100.0,0.446
Akmolinskaya,2016,10,0.368,100.0,0.505
Akmolinskaya,2016,11,0.356,100.0,0.556
Akmolinskaya,2016,12,0.393,100.0,0.502
Akmolinskaya,2017,1,0.285,100.0,0.479
Akmolinskaya,2017,2,0.396,100.0,0.491
Akmolinskaya,2017,3,0.307,100.0,0.502
Akmolinskaya,2017,4,0.246,196.7,0.484
Akmolinskaya,2017,5,0.707,171.7,0.556
Akmolinskaya,2017,6,0.635,199.2,0.5
Akmolinskaya,2017,7,0.564,159.3,0.611
Akmolinskaya,2017,8,0.758,100.0,0.583
Akmolinskaya,2017,9,0.784,100.0,0.422
Akmolinskaya,2017,10,0.362,100.0,0.596
Akmolinskaya,2017,11,0.331,100.0,0.617
Akmolinskaya,2017,12,0.214,100.0,0.476
Akmolinskaya,2018,1,0.243,100.0,0.541
Akmolinskaya,2018,2,0.278,100.0,0.435
Akmolinskaya,2018,3,0.347,100.0,0.546
Akmolinskaya,2018,4,0.219,197.4,0.444
Akmolinskaya,2018,5,0.607,158.0,0.509
Akmolinskaya,2018,6,0.793,153.6,0.464
Akmolinskaya,2018,7,0.711,178.4,0.528
Akmolinskaya,2018,8,0.537,100.0,0.543
Akmolinskaya,2018,9,0.701,100.0,0.5
Akmolinskaya,2018,10,0.345,100.0,0.533
Akmolinskaya,2018,11,0.216,100.0,0.478
Akmolinskaya,2018,12,0.379,100.0,0.437
Akmolinskaya,2019,1,0.236,100.0,0.445
Akmolinskaya,2019,2,0.312,100.0,0.534
Akmolinskaya,2019,3,0.325,100.0,0.601
Akmolinskaya,2019,4,0.342,143.7,0.628
Akmolinskaya,2019,5,0.656,140.6,0.569
Akmolinskaya,2019,6,0.785,187.3,0.529
Akmolinskaya,2019,7,0.575,193.3,0.538
Akmolinskaya,2019,8,0.758,100.0,0.638
Akmolinskaya,2019,9,0.782,100.0,0.48
Akmolinskaya,2019,10,0.225,100.0,0.583
Akmolinskaya,2019,11,0.333,100.0,0.499
Akmolinskaya,2019,12,0.337,100.0,0.443
Akmolinskaya,2020,1,0.372,100.0,0.559
Akmolinskaya,2020,2,0.301,100.0,0.544
Akmolinskaya,2020,3,0.252,100.0,0.549
Akmolinskaya,2020,4,0.391,174.1,0.626
Akmolinskaya,2020,5,0.638,152.9,0.593
Akmolinskaya,2020,6,0.789,175.1,0.63
Akmolinskaya,2020,7,0.605,196.4,0.626
Akmolinskaya,2020,8,0.548,100.0,0.539
Akmolinskaya,2020,9,0.655,100.0,0.504
Akmolinskaya,2020,10,0.314,100.0,0.522
Akmolinskaya,2020,11,0.298,100.0,0.466
Akmolinskaya,2020,12,0.232,100.0,0.612
Akmolinskaya,2021,1,0.214,60.0,0.483
Akmolinskaya,2021,2,0.2,60.0,0.549
Akmolinskaya,2021,3,0.207,60.0,0.639
Akmolinskaya,2021,4,0.198,109.5,0.612
Akmolinskaya,2021,5,0.446,92.9,0.499
Akmolinskaya,2021,6,0.398,101.4,0.567
Akmolinskaya,2021,7,0.419,113.8,0.555
Akmolinskaya,2021,8,0.551,60.0,0.615
Akmolinskaya,2021,9,0.506,60.0,0.62
Akmolinskaya,2021,10,0.152,60.0,0.47
Akmolinskaya,2021,11,0.17,60.0,0.534
Akmolinskaya,2021,12,0.152,60.0,0.585
Akmolinskaya,2022,1,0.332,100.0,0.653
Akmolinskaya,2022,2,0.217,100.0,0.631
Akmolinskaya,2022,3,0.312,100.0,0.513
Akmolinskaya,2022,4,0.3,188.0,0.647
Akmolinskaya,2022,5,0.541,152.8,0.542
Akmolinskaya,2022,6,0.695,171.7,0.578
Akmolinskaya,2022,7,0.722,143.9,0.643
Akmolinskaya,2022,8,0.542,100.0,0.635
Akmolinskaya,2022,9,0.504,100.0,0.64
Akmolinskaya,2022,10,0.314,100.0,0.657
Akmolinskaya,2022,11,0.329,100.0,0.573
Akmolinskaya,2022,12,0.263,100.0,0.477
Akmolinskaya,2023,1,0.395,100.0,0.625
Akmolinskaya,2023,2,0.302,100.0,0.678
Akmolinskaya,2023,3,0.241,100.0,0.624
Akmolinskaya,2023,4,0.257,147.4,0.65
Akmolinskaya,2023,5,0.748,156.9,0.618
Akmolinskaya,2023,6,0.634,178.3,0.638
Akmolinskaya,2023,7,0.641,158.5,0.628
Akmolinskaya,2023,8,0.546,100.0,0.621
Akmolinskaya,2023,9,0.797,100.0,0.646
Akmolinskaya,2023,10,0.206,100.0,0.55
Akmolinskaya,2023,11,0.342,100.0,0.507
Akmolinskaya,2023,12,0.26,100.0,0.615
Akmolinskaya,2024,1,0.31,100.0,0.492
Akmolinskaya,2024,2,0.297,100.0,0.592
Akmolinskaya,2024,3,0.217,100.0,0.588
Akmolinskaya,2024,4,0.255,195.6,0.651
Akmolinskaya,2024,5,0.543,176.6,0.491
Akmolinskaya,2024,6,0.576,169.4,0.533
Akmolinskaya,2024,7,0.525,164.7,0.582
Akmolinskaya,2024,8,0.725,100.0,0.499
Akmolinskaya,2024,9,0.727,100.0,0.516
Akmolinskaya,2024,10,0.384,100.0,0.609
Akmolinskaya,2024,11,0.252,100.0,0.613
Akmolinskaya,2024,12,0.345,100.0,0.499
Aktyubinskaya,2015,1,0.379,100.0,0.443
Aktyubinskaya,2015,2,0.234,100.0,0.595
Aktyubinskaya,2015,3,0.286,100.0,0.473
Aktyubinskaya,2015,4,0.253,181.1,0.572
Aktyubinskaya,2015,5,0.713,191.7,0.489
Aktyubinskaya,2015,6,0.658,142.0,0.403
Aktyubinskaya,2015,7,0.527,148.6,0.542
Aktyubinskaya,2015,8,0.688,100.0,0.598
Aktyubinskaya,2015,9,0.662,100.0,0.489
Aktyubinskaya,2015,10,0.293,100.0,0.458
Aktyubinskaya,2015,11,0.311,100.0,0.469
Aktyubinskaya,2015,12,0.294,100.0,0.436
Aktyubinskaya,2016,1,0.325,100.0,0.43
Aktyubinskaya,2016,2,0.287,100.0,0.463
Aktyubinskaya,2016,3,0.205,100.0,0.426
Aktyubinskaya,2016,4,0.245,166.2,0.542
Aktyubinskaya,2016,5,0.614,173.1,0.46
Aktyubinskaya,2016,6,0.791,192.6,0.479
Aktyubinskaya,2016,7,0.784,150.9,0.499
Aktyubinskaya,2016,8,0.506,100.0,0.443
Aktyubinskaya,2016,9,0.707,100.0,0.451
Aktyubinskaya,2016,10,0.215,100.0,0.43
Aktyubinskaya,2016,11,0.304,100.0,0.493
Aktyubinskaya,2016,12,0.313,100.0,0.57
Aktyubinskaya,2017,1,0.38,100.0,0.527
Aktyubinskaya,2017,2,0.237,100.0,0.435
Aktyubinskaya,2017,3,0.29,100.0,0.437
Aktyubinskaya,2017,4,0.312,177.4,0.591
Aktyubinskaya,2017,5,0.55,195.2,0.494
Aktyubinskaya,2017,6,0.648,180.7,0.471
Aktyubinskaya,2017,7,0.702,148.2,0.57
Aktyubinskaya,2017,8,0.55,100.0,0.612
Aktyubinskaya,2017,9,0.532,100.0,0.492
Aktyubinskaya,2017,10,0.351,100.0,0.578
Aktyubinskaya,2017,11,0.273,100.0,0.482
Aktyubinskaya,2017,12,0.227,100.0,0.485
Aktyubinskaya,2018,1,0.329,100.0,0.528
Aktyubinskaya,2018,2,0.224,100.0,0.435
Aktyubinskaya,2018,3,0.291,100.0,0.496
Aktyubinskaya,2018,4,0.352,142.1,0.467
Aktyubinskaya,2018,5,0.688,176.2,0.612
Aktyubinskaya,2018,6,0.518,188.3,0.502
Aktyubinskaya,2018,7,0.669,189.1,0.472
Aktyubinskaya,2018,8,0.578,100.0,0.553
Aktyubinskaya,2018,9,0.508,100.0,0.506
Aktyubinskaya,2018,10,0.391,100.0,0.612
Aktyubinskaya,2018,11,0.352,100.0,0.551
Aktyubinskaya,2018,12,0.399,100.0,0.482
Aktyubinskaya,2019,1,0.213,100.0,0.543
Aktyubinskaya,2019,2,0.387,100.0,0.59
Aktyubinskaya,2019,3,0.247,100.0,0.583
Aktyubinskaya,2019,4,0.387,140.3,0.537
Aktyubinskaya,2019,5,0.627,159.7,0.631
Aktyubinskaya,2019,6,0.513,166.8,0.613
Aktyubinskaya,2019,7,0.638,160.7,0.453
Aktyubinskaya,2019,8,0.718,100.0,0.607
Aktyubinskaya,2019,9,0.683,100.0,0.555
Aktyubinskaya,2019,10,0.386,100.0,0.633
Aktyubinskaya,2019,11,0.349,100.0,0.616
Aktyubinskaya,2019,12,0.378,100.0,0.57
Aktyubinskaya,2020,1,0.363,100.0,0.467
Aktyubinskaya,2020,2,0.308,100.0,0.493
Aktyubinskaya,2020,3,0.31,100.0,0.572
Aktyubinskaya,2020,4,0.221,166.5,0.455
Aktyubinskaya,2020,5,0.613,149.1,0.47
Aktyubinskaya,2020,6,0.678,160.3,0.614
Aktyubinskaya,2020,7,0.526,192.1,0.645
Aktyubinskaya,2020,8,0.596,100.0,0.473
Aktyubinskaya,2020,9,0.738,100.0,0.632
Aktyubinskaya,2020,10,0.275,100.0,0.574
Aktyubinskaya,2020,11,0.228,100.0,0.569
Aktyubinskaya,2020,12,0.274,100.0,0.541
Aktyubinskaya,2021,1,0.158,60.0,0.476
Aktyubinskaya,2021,2,0.179,60.0,0.605
Aktyubinskaya,2021,3,0.188,60.0,0.614
Aktyubinskaya,2021,4,0.27,118.2,0.556
Aktyubinskaya,2021,5,0.398,100.6,0.464
Aktyubinskaya,2021,6,0.487,95.2,0.627
Aktyubinskaya,2021,7,0.458,87.2,0.58
Aktyubinskaya,2021,8,0.511,60.0,0.643
Aktyubinskaya,2021,9,0.435,60.0,0.525
Aktyubinskaya,2021,10,0.145,60.0,0.462
Aktyubinskaya,2021,11,0.171,60.0,0.612
Aktyubinskaya,2021,12,0.16,60.0,0.491
Aktyubinskaya,2022,1,0.31,100.0,0.602
Aktyubinskaya,2022,2,0.296,100.0,0.513
Aktyubinskaya,2022,3,0.222,100.0,0.574
Aktyubinskaya,2022,4,0.261,195.3,0.499
Aktyubinskaya,2022,5,0.544,166.8,0.589
Aktyubinskaya,2022,6,0.77,160.2,0.626
Aktyubinskaya,2022,7,0.616,164.0,0.644
Aktyubinskaya,2022,8,0.726,100.0,0.486
Aktyubinskaya,2022,9,0.785,100.0,0.494
Aktyubinskaya,2022,10,0.231,100.0,0.498
Aktyubinskaya,2022,11,0.243,100.0,0.646
Aktyubinskaya,2022,12,0.222,100.0,0.554
Aktyubinskaya,2023,1,0.398,100.0,0.55
Aktyubinskaya,2023,2,0.337,100.0,0.557
Aktyubinskaya,2023,3,0.321,100.0,0.504
Aktyubinskaya,2023,4,0.336,173.5,0.493
Aktyubinskaya,2023,5,0.787,169.4,0.562
Aktyubinskaya,2023,6,0.653,143.5,0.556
Aktyubinskaya,2023,7,0.733,187.8,0.581
Aktyubinskaya,2023,8,0.739,100.0,0.63
Aktyubinskaya,2023,9,0.701,100.0,0.49
Aktyubinskaya,2023,10,0.238,100.0,0.653
Aktyubinskaya,2023,11,0.363,100.0,0.647
Aktyubinskaya,2023,12,0.325,100.0,0.548
Aktyubinskaya,2024,1,0.303,100.0,0.504
Aktyubinskaya,2024,2,0.281,100.0,0.6
Aktyubinskaya,2024,3,0.32,100.0,0.626
Aktyubinskaya,2024,4,0.275,192.4,0.683
Aktyubinskaya,2024,5,0.77,193.1,0.57
Aktyubinskaya,2024,6,0.617,148.3,0.632
Aktyubinskaya,2024,7,0.733,164.6,0.495
Aktyubinskaya,2024,8,0.671,100.0,0.616
Aktyubinskaya,2024,9,0.604,100.0,0.69
Aktyubinskaya,2024,10,0.351,100.0,0.668
Aktyubinskaya,2024,11,0.298,100.0,0.572
Aktyubinskaya,2024,12,0.304,100.0,0.503
Almatinskaya,2015,1,0.389,100.0,0.42
Almatinskaya,2015,2,0.275,100.0,0.431
Almatinskaya,2015,3,0.255,100.0,0.517
Almatinskaya,2015,4,0.322,167.2,0.472
Almatinskaya,2015,5,0.763,185.6,0.43
Almatinskaya,2015,6,0.549,178.1,0.496
Almatinskaya,2015,7,0.566,150.5,0.412
Almatinskaya,2015,8,0.657,100.0,0.56
Almatinskaya,2015,9,0.698,100.0,0.534
Almatinskaya,2015,10,0.24,100.0,0.507
Almatinskaya,2015,11,0.268,100.0,0.554
Almatinskaya,2015,12,0.23,100.0,0.401
Almatinskaya,2016,1,0.33,100.0,0.455
Almatinskaya,2016,2,0.333,100.0,0.61
Almatinskaya,2016,3,0.374,100.0,0.471
Almatinskaya,2016,4,0.307,196.3,0.416
Almatinskaya,2016,5,0.559,149.2,0.592
Almatinskaya,2016,6,0.55,168.6,0.51
Almatinskaya,2016,7,0.509,188.1,0.569
Almatinskaya,2016,8,0.79,100.0,0.547
Almatinskaya,2016,9,0.518,100.0,0.515
Almatinskaya,2016,10,0.235,100.0,0.453
Almatinskaya,2016,11,0.208,100.0,0.461
Almatinskaya,2016,12,0.343,100.0,0.478
Almatinskaya,2017,1,0.204,100.0,0.444
Almatinskaya,2017,2,0.354,100.0,0.461
Almatinskaya,2017,3,0.328,100.0,0.483
Almatinskaya,2017,4,0.201,146.1,0.454
Almatinskaya,2017,5,0.673,186.2,0.54
Almatinskaya,2017,6,0.621,173.7,0.579
Almatinskaya,2017,7,0.795,160.9,0.61
Almatinskaya,2017,8,0.583,100.0,0.544
Almatinskaya,2017,9,0.551,100.0,0.452
Almatinskaya,2017,10,0.244,100.0,0.545
Almatinskaya,2017,11,0.293,100.0,0.57
Almatinskaya,2017,12,0.323,100.0,0.468
Almatinskaya,2018,1,0.347,100.0,0.589
Almatinskaya,2018,2,0.359,100.0,0.489
Almatinskaya,2018,3,0.246,100.0,0.544
Almatinskaya,2018,4,0.28,182.8,0.541
Almatinskaya,2018,5,0.797,174.0,0.539
Almatinskaya,2018,6,0.52,169.7,0.493
Almatinskaya,2018,7,0.672,196.8,0.546
Almatinskaya,2018,8,0.713,100.0,0.571
Almatinskaya,2018,9,0.618,100.0,0.555
Almatinskaya,2018,10,0.253,100.0,0.524
Almatinskaya,2018,11,0.225,100.0,0.485
Almatinskaya,2018,12,0.224,100.0,0.471
Almatinskaya,2019,1,0.341,100.0,0.626
Almatinskaya,2019,2,0.216,100.0,0.617
Almatinskaya,2019,3,0.216,100.0,0.554
Almatinskaya,2019,4,0.299,158.4,0.449
Almatinskaya,2019,5,0.721,195.9,0.626
Almatinskaya,2019,6,0.703,167.2,0.606
Almatinskaya,2019,7,0.636,195.7,0.604
Almatinskaya,2019,8,0.548,100.0,0.531
Almatinskaya,2019,9,0.613,100.0,0.476
Almatinskaya,2019,10,0.399,100.0,0.448
Almatinskaya,2019,11,0.243,100.0,0.471
Almatinskaya,2019,12,0.39,100.0,0.596
Almatinskaya,2020,1,0.396,100.0,0.525
Almatinskaya,2020,2,0.209,100.0,0.625
Almatinskaya,2020,3,0.278,100.0,0.512
Almatinskaya,2020,4,0.221,175.1,0.494
Almatinskaya,2020,5,0.737,172.0,0.538
Almatinskaya,2020,6,0.658,165.9,0.634
Almatinskaya,2020,7,0.789,158.9,0.584
Almatinskaya,2020,8,0.684,100.0,0.591
Almatinskaya,2020,9,0.522,100.0,0.549
Almatinskaya,2020,10,0.326,100.0,0.457
Almatinskaya,2020,11,0.281,100.0,0.493
Almatinskaya,2020,12,0.395,100.0,0.542
Almatinskaya,2021,1,0.195,60.0,0.58
Almatinskaya,2021,2,0.247,60.0,0.506
Almatinskaya,2021,3,0.266,60.0,0.535
Almatinskaya,2021,4,0.174,85.8,0.654
Almatinskaya,2021,5,0.427,111.1,0.566
Almatinskaya,2021,6,0.551,107.2,0.584
Almatinskaya,2021,7,0.496,102.1,0.537
Almatinskaya,2021,8,0.412,60.0,0.611
Almatinskaya,2021,9,0.442,60.0,0.472
Almatinskaya,2021,10,0.26,60.0,0.491
Almatinskaya,2021,11,0.274,60.0,0.632
Almatinskaya,2021,12,0.145,60.0,0.544
Almatinskaya,2022,1,0.201,100.0,0.518
Almatinskaya,2022,2,0.35,100.0,0.565
Almatinskaya,2022,3,0.358,100.0,0.504
Almatinskaya,2022,4,0.395,163.6,0.51
Almatinskaya,2022,5,0.65,171.6,0.537
Almatinskaya,2022,6,0.708,150.1,0.514
Almatinskaya,2022,7,0.569,175.4,0.558
Almatinskaya,2022,8,0.522,100.0,0.591
Almatinskaya,2022,9,0.784,100.0,0.599
Almatinskaya,2022,10,0.304,100.0,0.517
Almatinskaya,2022,11,0.295,100.0,0.605
Almatinskaya,2022,12,0.276,100.0,0.515
Almatinskaya,2023,1,0.316,100.0,0.623
Almatinskaya,2023,2,0.357,100.0,0.523
Almatinskaya,2023,3,0.369,100.0,0.486
Almatinskaya,2023,4,0.372,187.1,0.593
Almatinskaya,2023,5,0.642,199.1,0.634
Almatinskaya,2023,6,0.546,180.6,0.611
Almatinskaya,2023,7,0.711,167.0,0.5
Almatinskaya,2023,8,0.594,100.0,0.519
Almatinskaya,2023,9,0.73,100.0,0.544
Almatinskaya,2023,10,0.365,100.0,0.666
Almatinskaya,2023,11,0.363,100.0,0.507
Almatinskaya,2023,12,0.281,100.0,0.56
Almatinskaya,2024,1,0.265,100.0,0.63
Almatinskaya,2024,2,0.388,100.0,0.524
Almatinskaya,2024,3,0.225,100.0,0.585
Almatinskaya,2024,4,0.347,169.6,0.679
Almatinskaya,2024,5,0.618,161.3,0.546
Almatinskaya,2024,6,0.631,147.6,0.6
Almatinskaya,2024,7,0.65,170.7,0.567
Almatinskaya,2024,8,0.565,100.0,0.672
Almatinskaya,2024,9,0.603,100.0,0.639
Almatinskaya,2024,10,0.234,100.0,0.662
Almatinskaya,2024,11,0.338,100.0,0.536
Almatinskaya,2024,12,0.391,100.0,0.511
Atyrauskaya,2015,1,0.284,100.0,0.409
Atyrauskaya,2015,2,0.23,100.0,0.597
Atyrauskaya,2015,3,0.297,100.0,0.473
Atyrauskaya,2015,4,0.397,170.5,0.464
Atyrauskaya,2015,5,0.784,174.6,0.407
Atyrauskaya,2015,6,0.567,157.2,0.418
Atyrauskaya,2015,7,0.655,142.9,0.576
Atyrauskaya,2015,8,0.682,100.0,0.548
Atyrauskaya,2015,9,0.636,100.0,0.544
Atyrauskaya,2015,10,0.336,100.0,0.536
Atyrauskaya,2015,11,0.217,100.0,0.587
Atyrauskaya,2015,12,0.298,100.0,0.442
Atyrauskaya,2016,1,0.327,100.0,0.528
Atyrauskaya,2016,2,0.357,100.0,0.466
Atyrauskaya,2016,3,0.331,100.0,0.447
Atyrauskaya,2016,4,0.235,161.5,0.49
Atyrauskaya,2016,5,0.561,186.9,0.53
Atyrauskaya,2016,6,0.745,152.9,0.509
Atyrauskaya,2016,7,0.505,155.7,0.508
Atyrauskaya,2016,8,0.561,100.0,0.46
Atyrauskaya,2016,9,0.537,100.0,0.442
Atyrauskaya,2016,10,0.266,100.0,0.518
Atyrauskaya,2016,11,0.393,100.0,0.439
Atyrauskaya,2016,12,0.332,100.0,0.519
Atyrauskaya,2017,1,0.37,100.0,0.444
Atyrauskaya,2017,2,0.372,100.0,0.423
Atyrauskaya,2017,3,0.287,100.0,0.579
Atyrauskaya,2017,4,0.303,185.7,0.569
Atyrauskaya,2017,5,0.667,140.7,0.615
Atyrauskaya,2017,6,0.55,163.9,0.465
Atyrauskaya,2017,7,0.504,150.3,0.599
Atyrauskaya,2017,8,0.761,100.0,0.486
Atyrauskaya,2017,9,0.617,100.0,0.429
Atyrauskaya,2017,10,0.368,100.0,0.503
Atyrauskaya,2017,11,0.395,100.0,0.453
Atyrauskaya,2017,12,0.332,100.0,0.508
Atyrauskaya,2018,1,0.354,100.0,0.517
Atyrauskaya,2018,2,0.284,100.0,0.485
Atyrauskaya,2018,3,0.311,100.0,0.455
Atyrauskaya,2018,4,0.361,184.9,0.452
Atyrauskaya,2018,5,0.572,182.0,0.447
Atyrauskaya,2018,6,0.791,154.3,0.607
Atyrauskaya,2018,7,0.704,176.7,0.594
Atyrauskaya,2018,8,0.644,100.0,0.622
Atyrauskaya,2018,9,0.765,100.0,0.447
Atyrauskaya,2018,10,0.384,100.0,0.464
Atyrauskaya,2018,11,0.279,100.0,0.572
Atyrauskaya,2018,12,0.28,100.0,0.517
Atyrauskaya,2019,1,0.282,100.0,0.571
Atyrauskaya,2019,2,0.259,100.0,0.587
Atyrauskaya,2019,3,0.39,100.0,0.485
Atyrauskaya,2019,4,0.369,167.6,0.556
Atyrauskaya,2019,5,0.783,142.5,0.614
Atyrauskaya,2019,6,0.799,164.6,0.626
Atyrauskaya,2019,7,0.591,166.9,0.597
Atyrauskaya,2019,8,0.567,100.0,0.479
Atyrauskaya,2019,9,0.77,100.0,0.526
Atyrauskaya,2019,10,0.353,100.0,0.618
Atyrauskaya,2019,11,0.231,100.0,0.525
Atyrauskaya,2019,12,0.351,100.0,0.549
Atyrauskaya,2020,1,0.24,100.0,0.639
Atyrauskaya,2020,2,0.271,100.0,0.565
Atyrauskaya,2020,3,0.222,100.0,0.593
Atyrauskaya,2020,4,0.376,180.9,0.603
Atyrauskaya,2020,5,0.738,161.3,0.497
Atyrauskaya,2020,6,0.69,191.8,0.568
Atyrauskaya,2020,7,0.776,176.7,0.6
Atyrauskaya,2020,8,0.781,100.0,0.633
Atyrauskaya,2020,9,0.772,100.0,0.569
Atyrauskaya,2020,10,0.257,100.0,0.602
Atyrauskaya,2020,11,0.226,100.0,0.583
Atyrauskaya,2020,12,0.208,100.0,0.52
Atyrauskaya,2021,1,0.207,60.0,0.644
Atyrauskaya,2021,2,0.165,60.0,0.576
Atyrauskaya,2021,3,0.254,60.0,0.604
Atyrauskaya,2021,4,0.158,107.1,0.59
Atyrauskaya,2021,5,0.475,107.6,0.498
Atyrauskaya,2021,6,0.362,116.3,0.574
Atyrauskaya,2021,7,0.386,86.7,0.487
Atyrauskaya,2021,8,0.51,60.0,0.57
Atyrauskaya,2021,9,0.379,60.0,0.462
Atyrauskaya,2021,10,0.151,60.0,0.636
Atyrauskaya,2021,11,0.261,60.0,0.607
Atyrauskaya,2021,12,0.145,60.0,0.478
Atyrauskaya,2022,1,0.39,100.0,0.621
Atyrauskaya,2022,2,0.313,100.0,0.664
Atyrauskaya,2022,3,0.29,100.0,0.557
Atyrauskaya,2022,4,0.378,182.5,0.554
Atyrauskaya,2022,5,0.531,142.6,0.663
Atyrauskaya,2022,6,0.644,186.0,0.475
Atyrauskaya,2022,7,0.612,149.9,0.656
Atyrauskaya,2022,8,0.707,100.0,0.652
Atyrauskaya,2022,9,0.686,100.0,0.644
Atyrauskaya,2022,10,0.235,100.0,0.574
Atyrauskaya,2022,11,0.363,100.0,0.59
Atyrauskaya,2022,12,0.316,100.0,0.504
Atyrauskaya,2023,1,0.359,100.0,0.482
Atyrauskaya,2023,2,0.323,100.0,0.679
Atyrauskaya,2023,3,0.205,100.0,0.595
Atyrauskaya,2023,4,0.241,187.8,0.631
Atyrauskaya,2023,5,0.61,141.5,0.581
Atyrauskaya,2023,6,0.715,196.1,0.613
Atyrauskaya,2023,7,0.742,149.8,0.618
Atyrauskaya,2023,8,0.5,100.0,0.497
Atyrauskaya,2023,9,0.647,100.0,0.634
Atyrauskaya,2023,10,0.264,100.0,0.576
Atyrauskaya,2023,11,0.378,100.0,0.617
Atyrauskaya,2023,12,0.383,100.0,0.654
Atyrauskaya,2024,1,0.32,100.0,0.524
Atyrauskaya,2024,2,0.338,100.0,0.54
Atyrauskaya,2024,3,0.213,100.0,0.604
Atyrauskaya,2024,4,0.328,148.4,0.496
Atyrauskaya,2024,5,0.629,182.2,0.655
Atyrauskaya,2024,6,0.556,145.0,0.59
Atyrauskaya,2024,7,0.706,162.8,0.619
Atyrauskaya,2024,8,0.603,100.0,0.658
Atyrauskaya,2024,9,0.533,100.0,0.646
Atyrauskaya,2024,10,0.257,100.0,0.606
Atyrauskaya,2024,11,0.228,100.0,0.629
Atyrauskaya,2024,12,0.296,100.0,0.679
Jambylslkaya,2015,1,0.291,100.0,0.522
Jambylslkaya,2015,2,0.279,100.0,0.457
Jambylslkaya,2015,3,0.277,100.0,0.447
Jambylslkaya,2015,4,0.383,155.9,0.593
Jambylslkaya,2015,5,0.76,158.5,0.505
Jambylslkaya,2015,6,0.571,199.6,0.582
Jambylslkaya,2015,7,0.541,151.0,0.568
Jambylslkaya,2015,8,0.773,100.0,0.592
Jambylslkaya,2015,9,0.525,100.0,0.531
Jambylslkaya,2015,10,0.321,100.0,0.508
Jambylslkaya,2015,11,0.314,100.0,0.581
Jambylslkaya,2015,12,0.224,100.0,0.446
Jambylslkaya,2016,1,0.249,100.0,0.506
Jambylslkaya,2016,2,0.282,100.0,0.58
Jambylslkaya,2016,3,0.388,100.0,0.443
Jambylslkaya,2016,4,0.344,151.3,0.51
Jambylslkaya,2016,5,0.651,154.9,0.413
Jambylslkaya,2016,6,0.631,167.9,0.565
Jambylslkaya,2016,7,0.754,159.8,0.604
Jambylslkaya,2016,8,0.782,100.0,0.555
Jambylslkaya,2016,9,0.737,100.0,0.562
Jambylslkaya,2016,10,0.223,100.0,0.603
Jambylslkaya,2016,11,0.255,100.0,0.555
Jambylslkaya,2016,12,0.352,100.0,0.608
Jambylslkaya,2017,1,0.352,100.0,0.43
Jambylslkaya,2017,2,0.208,100.0,0.496
Jambylslkaya,2017,3,0.339,100.0,0.447
Jambylslkaya,2017,4,0.266,143.7,0.521
Jambylslkaya,2017,5,0.571,147.6,0.514
Jambylslkaya,2017,6,0.516,194.8,0.594
Jambylslkaya,2017,7,0.771,168.9,0.554
Jambylslkaya,2017,8,0.627,100.0,0.525
Jambylslkaya,2017,9,0.534,100.0,0.61
Jambylslkaya,2017,10,0.37,100.0,0.555
Jambylslkaya,2017,11,0.246,100.0,0.526
Jambylslkaya,2017,12,0.22,100.0,0.496
Jambylslkaya,2018,1,0.286,100.0,0.62
Jambylslkaya,2018,2,0.391,100.0,0.555
Jambylslkaya,2018,3,0.357,100.0,0.544
Jambylslkaya,2018,4,0.325,167.3,0.535
Jambylslkaya,2018,5,0.645,143.8,0.527
Jambylslkaya,2018,6,0.511,189.1,0.584
Jambylslkaya,2018,7,0.647,181.9,0.626
Jambylslkaya,2018,8,0.675,100.0,0.536
Jambylslkaya,2018,9,0.509,100.0,0.55
Jambylslkaya,2018,10,0.354,100.0,0.516
Jambylslkaya,2018,11,0.333,100.0,0.552
Jambylslkaya,2018,12,0.367,100.0,0.49
Jambylslkaya,2019,1,0.282,100.0,0.549
Jambylslkaya,2019,2,0.341,100.0,0.597
Jambylslkaya,2019,3,0.265,100.0,0.57
Jambylslkaya,2019,4,0.217,169.9,0.457
Jambylslkaya,2019,5,0.531,167.4,0.624
Jambylslkaya,2019,6,0.674,145.0,0.564
Jambylslkaya,2019,7,0.502,143.8,0.574
Jambylslkaya,2019,8,0.506,100.0,0.589
Jambylslkaya,2019,9,0.675,100.0,0.547
Jambylslkaya,2019,10,0.212,100.0,0.622
Jambylslkaya,2019,11,0.337,100.0,0.562
Jambylslkaya,2019,12,0.213,100.0,0.603
Jambylslkaya,2020,1,0.325,100.0,0.519
Jambylslkaya,2020,2,0.255,100.0,0.625
Jambylslkaya,2020,3,0.339,100.0,0.548
Jambylslkaya,2020,4,0.357,172.9,0.479
Jambylslkaya,2020,5,0.714,160.2,0.527
Jambylslkaya,2020,6,0.531,160.3,0.636
Jambylslkaya,2020,7,0.758,195.4,0.564
Jambylslkaya,2020,8,0.761,100.0,0.578
Jambylslkaya,2020,9,0.609,100.0,0.512
Jambylslkaya,2020,10,0.278,100.0,0.471
Jambylslkaya,2020,11,0.279,100.0,0.585
Jambylslkaya,2020,12,0.277,100.0,0.629
Jambylslkaya,2021,1,0.227,60.0,0.517
Jambylslkaya,2021,2,0.212,60.0,0.523
Jambylslkaya,2021,3,0.187,60.0,0.527
Jambylslkaya,2021,4,0.192,118.2,0.538
Jambylslkaya,2021,5,0.369,84.5,0.56
Jambylslkaya,2021,6,0.413,85.9,0.577
Jambylslkaya,2021,7,0.471,105.2,0.617
Jambylslkaya,2021,8,0.368,60.0,0.529
Jambylslkaya,2021,9,0.489,60.0,0.46
Jambylslkaya,2021,10,0.205,60.0,0.508
Jambylslkaya,2021,11,0.257,60.0,0.625
Jambylslkaya,2021,12,0.208,60.0,0.515
Jambylslkaya,2022,1,0.345,100.0,0.611
Jambylslkaya,2022,2,0.349,100.0,0.591
Jambylslkaya,2022,3,0.225,100.0,0.644
Jambylslkaya,2022,4,0.265,157.1,0.594
Jambylslkaya,2022,5,0.781,158.5,0.576
Jambylslkaya,2022,6,0.687,199.0,0.668
Jambylslkaya,2022,7,0.666,185.5,0.512
Jambylslkaya,2022,8,0.76,100.0,0.497
Jambylslkaya,2022,9,0.798,100.0,0.628
Jambylslkaya,2022,10,0.217,100.0,0.649
Jambylslkaya,2022,11,0.282,100.0,0.631
Jambylslkaya,2022,12,0.388,100.0,0.597
Jambylslkaya,2023,1,0.246,100.0,0.497
Jambylslkaya,2023,2,0.354,100.0,0.648
Jambylslkaya,2023,3,0.201,100.0,0.644
Jambylslkaya,2023,4,0.306,167.6,0.634
Jambylslkaya,2023,5,0.8,195.7,0.652
Jambylslkaya,2023,6,0.595,179.5,0.677
Jambylslkaya,2023,7,0.55,192.5,0.526
Jambylslkaya,2023,8,0.642,100.0,0.615
Jambylslkaya,2023,9,0.563,100.0,0.5
Jambylslkaya,2023,10,0.231,100.0,0.569
Jambylslkaya,2023,11,0.328,100.0,0.565
Jambylslkaya,2023,12,0.356,100.0,0.554
Jambylslkaya,2024,1,0.312,100.0,0.514
Jambylslkaya,2024,2,0.234,100.0,0.672
Jambylslkaya,2024,3,0.203,100.0,0.512
Jambylslkaya,2024,4,0.202,173.1,0.623
Jambylslkaya,2024,5,0.574,171.5,0.593
Jambylslkaya,2024,6,0.68,195.1,0.689
Jambylslkaya,2024,7,0.723,171.6,0.654
Jambylslkaya,2024,8,0.619,100.0,0.55
Jambylslkaya,2024,9,0.733,100.0,0.506
Jambylslkaya,2024,10,0.254,100.0,0.656
Jambylslkaya,2024,11,0.251,100.0,0.533
Jambylslkaya,2024,12,0.262,100.0,0.611
Karagandinskaya,2015,1,0.315,100.0,0.57
Karagandinskaya,2015,2,0.345,100.0,0.469
Karagandinskaya,2015,3,0.378,100.0,0.501
Karagandinskaya,2015,4,0.258,154.0,0.57
Karagandinskaya,2015,5,0.764,183.1,0.496
Karagandinskaya,2015,6,0.776,196.8,0.421
Karagandinskaya,2015,7,0.736,183.5,0.596
Karagandinskaya,2015,8,0.558,100.0,0.428
Karagandinskaya,2015,9,0.706,100.0,0.466
Karagandinskaya,2015,10,0.372,100.0,0.409
Karagandinskaya,2015,11,0.4,100.0,0.457
Karagandinskaya,2015,12,0.375,100.0,0.404
Karagandinskaya,2016,1,0.324,100.0,0.439
Karagandinskaya,2016,2,0.336,100.0,0.473
Karagandinskaya,2016,3,0.201,100.0,0.506
Karagandinskaya,2016,4,0.313,140.1,0.545
Karagandinskaya,2016,5,0.72,185.6,0.586
Karagandinskaya,2016,6,0.606,148.4,0.514
Karagandinskaya,2016,7,0.784,175.7,0.461
Karagandinskaya,2016,8,0.545,100.0,0.547
Karagandinskaya,2016,9,0.566,100.0,0.507
Karagandinskaya,2016,10,0.213,100.0,0.559
Karagandinskaya,2016,11,0.344,100.0,0.507
Karagandinskaya,2016,12,0.354,100.0,0.414
Karagandinskaya,2017,1,0.349,100.0,0.616
Karagandinskaya,2017,2,0.334,100.0,0.432
Karagandinskaya,2017,3,0.34,100.0,0.605
Karagandinskaya,2017,4,0.312,182.9,0.518
Karagandinskaya,2017,5,0.53,160.1,0.498
Karagandinskaya,2017,6,0.659,189.2,0.591
Karagandinskaya,2017,7,0.681,191.0,0.5
Karagandinskaya,2017,8,0.54,100.0,0.422
Karagandinskaya,2017,9,0.616,100.0,0.509
Karagandinskaya,2017,10,0.303,100.0,0.426
Karagandinskaya,2017,11,0.325,100.0,0.551
Karagandinskaya,2017,12,0.387,100.0,0.469
Karagandinskaya,2018,1,0.275,100.0,0.597
Karagandinskaya,2018,2,0.392,100.0,0.612
Karagandinskaya,2018,3,0.389,100.0,0.623
Karagandinskaya,2018,4,0.373,173.2,0.509
Karagandinskaya,2018,5,0.712,162.5,0.534
Karagandinskaya,2018,6,0.778,160.4,0.47
Karagandinskaya,2018,7,0.641,149.8,0.552
Karagandinskaya,2018,8,0.6,100.0,0.496
Karagandinskaya,2018,9,0.65,100.0,0.529
Karagandinskaya,2018,10,0.258,100.0,0.535
Karagandinskaya,2018,11,0.391,100.0,0.628
Karagandinskaya,2018,12,0.365,100.0,0.444
Karagandinskaya,2019,1,0.368,100.0,0.502
Karagandinskaya,2019,2,0.351,100.0,0.46
Karagandinskaya,2019,3,0.327,100.0,0.447
Karagandinskaya,2019,4,0.29,154.4,0.491
Karagandinskaya,2019,5,0.717,158.4,0.477
Karagandinskaya,2019,6,0.645,197.4,0.556
Karagandinskaya,2019,7,0.763,152.6,0.573
Karagandinskaya,2019,8,0.504,100.0,0.46
Karagandinskaya,2019,9,0.7,100.0,0.595
Karagandinskaya,2019,10,0.393,100.0,0.536
Karagandinskaya,2019,11,0.354,100.0,0.475
Karagandinskaya,2019,12,0.398,100.0,0.465
Karagandinskaya,2020,1,0.391,100.0,0.546
Karagandinskaya,2020,2,0.237,100.0,0.502
Karagandinskaya,2020,3,0.35,100.0,0.522
Karagandinskaya,2020,4,0.349,190.4,0.586
Karagandinskaya,2020,5,0.745,192.5,0.565
Karagandinskaya,2020,6,0.524,166.3,0.639
Karagandinskaya,2020,7,0.557,145.3,0.577
Karagandinskaya,2020,8,0.771,100.0,0.483
Karagandinskaya,2020,9,0.685,100.0,0.644
Karagandinskaya,2020,10,0.301,100.0,0.464
Karagandinskaya,2020,11,0.248,100.0,0.589
Karagandinskaya,2020,12,0.325,100.0,0.509
Karagandinskaya,2021,1,0.234,60.0,0.464
Karagandinskaya,2021,2,0.257,60.0,0.48
Karagandinskaya,2021,3,0.143,60.0,0.561
Karagandinskaya,2021,4,0.216,91.1,0.514
Karagandinskaya,2021,5,0.417,113.3,0.653
Karagandinskaya,2021,6,0.499,95.2,0.574
Karagandinskaya,2021,7,0.432,87.4,0.564
Karagandinskaya,2021,8,0.367,60.0,0.611
Karagandinskaya,2021,9,0.518,60.0,0.576
Karagandinskaya,2021,10,0.272,60.0,0.625
Karagandinskaya,2021,11,0.141,60.0,0.635
Karagandinskaya,2021,12,0.152,60.0,0.637
Karagandinskaya,2022,1,0.273,100.0,0.625
Karagandinskaya,2022,2,0.243,100.0,0.64
Karagandinskaya,2022,3,0.281,100.0,0.535
Karagandinskaya,2022,4,0.363,188.7,0.519
Karagandinskaya,2022,5,0.7,176.0,0.512
Karagandinskaya,2022,6,0.637,151.0,0.504
Karagandinskaya,2022,7,0.659,198.0,0.529
Karagandinskaya,2022,8,0.696,100.0,0.597
Karagandinskaya,2022,9,0.616,100.0,0.473
Karagandinskaya,2022,10,0.202,100.0,0.475
Karagandinskaya,2022,11,0.361,100.0,0.622
Karagandinskaya,2022,12,0.269,100.0,0.614
Karagandinskaya,2023,1,0.313,100.0,0.511
Karagandinskaya,2023,2,0.303,100.0,0.53
Karagandinskaya,2023,3,0.299,100.0,0.675
Karagandinskaya,2023,4,0.394,155.2,0.67
Karagandinskaya,2023,5,0.673,189.3,0.49
Karagandinskaya,2023,6,0.662,179.4,0.59
Karagandinskaya,2023,7,0.624,143.5,0.65
Karagandinskaya,2023,8,0.553,100.0,0.604
Karagandinskaya,2023,9,0.781,100.0,0.556
Karagandinskaya,2023,10,0.262,100.0,0.496
Karagandinskaya,2023,11,0.332,100.0,0.523
Karagandinskaya,2023,12,0.258,100.0,0.6
Karagandinskaya,2024,1,0.32,100.0,0.675
Karagandinskaya,2024,2,0.266,100.0,0.52
Karagandinskaya,2024,3,0.357,100.0,0.614
Karagandinskaya,2024,4,0.239,160.2,0.603
Karagandinskaya,2024,5,0.553,199.3,0.603
Karagandinskaya,2024,6,0.759,187.9,0.494
Karagandinskaya,2024,7,0.647,165.6,0.499
Karagandinskaya,2024,8,0.673,100.0,0.546
Karagandinskaya,2024,9,0.77,100.0,0.686
Karagandinskaya,2024,10,0.318,100.0,0.549
Karagandinskaya,2024,11,0.325,100.0,0.568
Karagandinskaya,2024,12,0.299,100.0,0.645
Kustanayskaya,2015,1,0.379,100.0,0.521
Kustanayskaya,2015,2,0.373,100.0,0.504
Kustanayskaya,2015,3,0.271,100.0,0.408
Kustanayskaya,2015,4,0.353,199.3,0.587
Kustanayskaya,2015,5,0.635,195.5,0.574
Kustanayskaya,2015,6,0.774,191.3,0.544
Kustanayskaya,2015,7,0.654,143.2,0.437
Kustanayskaya,2015,8,0.587,100.0,0.488
Kustanayskaya,2015,9,0.744,100.0,0.443
Kustanayskaya,2015,10,0.32,100.0,0.409
Kustanayskaya,2015,11,0.313,100.0,0.543
Kustanayskaya,2015,12,0.252,100.0,0.53
Kustanayskaya,2016,1,0.331,100.0,0.537
Kustanayskaya,2016,2,0.324,100.0,0.578
Kustanayskaya,2016,3,0.255,100.0,0.457
Kustanayskaya,2016,4,0.383,199.2,0.436
Kustanayskaya,2016,5,0.766,197.6,0.411
Kustanayskaya,2016,6,0.769,180.9,0.586
Kustanayskaya,2016,7,0.626,156.2,0.433
Kustanayskaya,2016,8,0.74,100.0,0.463
Kustanayskaya,2016,9,0.704,100.0,0.535
Kustanayskaya,2016,10,0.264,100.0,0.442
Kustanayskaya,2016,11,0.248,100.0,0.57
Kustanayskaya,2016,12,0.379,100.0,0.521
Kustanayskaya,2017,1,0.33,100.0,0.435
Kustanayskaya,2017,2,0.251,100.0,0.463
Kustanayskaya,2017,3,0.267,100.0,0.528
Kustanayskaya,2017,4,0.348,176.5,0.486
Kustanayskaya,2017,5,0.69,173.3,0.571
Kustanayskaya,2017,6,0.708,146.7,0.592
Kustanayskaya,2017,7,0.587,167.7,0.563
Kustanayskaya,2017,8,0.631,100.0,0.535
Kustanayskaya,2017,9,0.604,100.0,0.507
Kustanayskaya,2017,10,0.227,100.0,0.552
Kustanayskaya,2017,11,0.27,100.0,0.62
Kustanayskaya,2017,12,0.381,100.0,0.514
Kustanayskaya,2018,1,0.307,100.0,0.601
Kustanayskaya,2018,2,0.353,100.0,0.485
Kustanayskaya,2018,3,0.221,100.0,0.559
Kustanayskaya,2018,4,0.288,142.2,0.454
Kustanayskaya,2018,5,0.605,182.1,0.441
Kustanayskaya,2018,6,0.754,189.5,0.431
Kustanayskaya,2018,7,0.723,171.7,0.496
Kustanayskaya,2018,8,0.682,100.0,0.524
Kustanayskaya,2018,9,0.656,100.0,0.465
Kustanayskaya,2018,10,0.222,100.0,0.547
Kustanayskaya,2018,11,0.385,100.0,0.562
Kustanayskaya,2018,12,0.26,100.0,0.596
Kustanayskaya,2019,1,0.202,100.0,0.512
Kustanayskaya,2019,2,0.342,100.0,0.497
Kustanayskaya,2019,3,0.215,100.0,0.632
Kustanayskaya,2019,4,0.354,145.2,0.566
Kustanayskaya,2019,5,0.511,165.8,0.623
Kustanayskaya,2019,6,0.527,173.0,0.587
Kustanayskaya,2019,7,0.505,173.1,0.491
Kustanayskaya,2019,8,0.686,100.0,0.483
Kustanayskaya,2019,9,0.742,100.0,0.528
Kustanayskaya,2019,10,0.261,100.0,0.442
Kustanayskaya,2019,11,0.24,100.0,0.588
Kustanayskaya,2019,12,0.345,100.0,0.473
Kustanayskaya,2020,1,0.358,100.0,0.555
Kustanayskaya,2020,2,0.221,100.0,0.511
Kustanayskaya,2020,3,0.287,100.0,0.566
Kustanayskaya,2020,4,0.375,162.7,0.536
Kustanayskaya,2020,5,0.644,165.1,0.622
Kustanayskaya,2020,6,0.612,145.8,0.519
Kustanayskaya,2020,7,0.526,196.5,0.573
Kustanayskaya,2020,8,0.615,100.0,0.48
Kustanayskaya,2020,9,0.771,100.0,0.641
Kustanayskaya,2020,10,0.388,100.0,0.649
Kustanayskaya,2020,11,0.252,100.0,0.585
Kustanayskaya,2020,12,0.358,100.0,0.525
Kustanayskaya,2021,1,0.201,60.0,0.556
Kustanayskaya,2021,2,0.151,60.0,0.466
Kustanayskaya,2021,3,0.179,60.0,0.475
Kustanayskaya,2021,4,0.268,108.8,0.48
Kustanayskaya,2021,5,0.382,111.0,0.522
Kustanayskaya,2021,6,0.45,113.2,0.551
Kustanayskaya,2021,7,0.384,114.3,0.6
Kustanayskaya,2021,8,0.54,60.0,0.624
Kustanayskaya,2021,9,0.403,60.0,0.501
Kustanayskaya,2021,10,0.148,60.0,0.639
Kustanayskaya,2021,11,0.158,60.0,0.649
Kustanayskaya,2021,12,0.179,60.0,0.654
Kustanayskaya,2022,1,0.276,100.0,0.635
Kustanayskaya,2022,2,0.293,100.0,0.563
Kustanayskaya,2022,3,0.278,100.0,0.656
Kustanayskaya,2022,4,0.258,160.3,0.586
Kustanayskaya,2022,5,0.566,143.4,0.482
Kustanayskaya,2022,6,0.672,197.9,0.503
Kustanayskaya,2022,7,0.73,192.5,0.504
Kustanayskaya,2022,8,0.745,100.0,0.553
Kustanayskaya,2022,9,0.65,100.0,0.553
Kustanayskaya,2022,10,0.252,100.0,0.551
Kustanayskaya,2022,11,0.376,100.0,0.648
Kustanayskaya,2022,12,0.391,100.0,0.592
Kustanayskaya,2023,1,0.329,100.0,0.664
Kustanayskaya,2023,2,0.399,100.0,0.529
Kustanayskaya,2023,3,0.319,100.0,0.617
Kustanayskaya,2023,4,0.232,196.6,0.487
Kustanayskaya,2023,5,0.595,146.1,0.585
Kustanayskaya,2023,6,0.693,163.3,0.48
Kustanayskaya,2023,7,0.636,153.7,0.623
Kustanayskaya,2023,8,0.624,100.0,0.527
Kustanayskaya,2023,9,0.656,100.0,0.514
Kustanayskaya,2023,10,0.364,100.0,0.534
Kustanayskaya,2023,11,0.351,100.0,0.637
Kustanayskaya,2023,12,0.254,100.0,0.483
Kustanayskaya,2024,1,0.362,100.0,0.578
Kustanayskaya,2024,2,0.267,100.0,0.638
Kustanayskaya,2024,3,0.234,100.0,0.651
Kustanayskaya,2024,4,0.315,184.2,0.492
Kustanayskaya,2024,5,0.72,194.4,0.677
Kustanayskaya,2024,6,0.603,190.5,0.626
Kustanayskaya,2024,7,0.632,184.2,0.637
Kustanayskaya,2024,8,0.576,100.0,0.645
Kustanayskaya,2024,9,0.601,100.0,0.683
Kustanayskaya,2024,10,0.287,100.0,0.653
Kustanayskaya,2024,11,0.22,100.0,0.655
Kustanayskaya,2024,12,0.365,100.0,0.666
Kyzylordinskaya,2015,1,0.331,100.0,0.468
Kyzylordinskaya,2015,2,0.265,100.0,0.422
Kyzylordinskaya,2015,3,0.301,100.0,0.453
Kyzylordinskaya,2015,4,0.235,150.3,0.402
Kyzylordinskaya,2015,5,0.546,180.1,0.441
Kyzylordinskaya,2015,6,0.701,158.5,0.41
Kyzylordinskaya,2015,7,0.793,152.7,0.59
Kyzylordinskaya,2015,8,0.774,100.0,0.501
Kyzylordinskaya,2015,9,0.59,100.0,0.425
Kyzylordinskaya,2015,10,0.335,100.0,0.505
Kyzylordinskaya,2015,11,0.213,100.0,0.523
Kyzylordinskaya,2015,12,0.296,100.0,0.522
Kyzylordinskaya,2016,1,0.287,100.0,0.475
Kyzylordinskaya,2016,2,0.209,100.0,0.508
Kyzylordinskaya,2016,3,0.25,100.0,0.518
Kyzylordinskaya,2016,4,0.383,168.1,0.455
Kyzylordinskaya,2016,5,0.789,164.4,0.533
Kyzylordinskaya,2016,6,0.727,146.3,0.592
Kyzylordinskaya,2016,7,0.676,152.1,0.461
Kyzylordinskaya,2016,8,0.797,100.0,0.541
Kyzylordinskaya,2016,9,0.71,100.0,0.551
Kyzylordinskaya,2016,10,0.261,100.0,0.439
Kyzylordinskaya,2016,11,0.225,100.0,0.602
Kyzylordinskaya,2016,12,0.215,100.0,0.549
Kyzylordinskaya,2017,1,0.295,100.0,0.601
Kyzylordinskaya,2017,2,0.31,100.0,0.545
Kyzylordinskaya,2017,3,0.265,100.0,0.565
Kyzylordinskaya,2017,4,0.354,175.4,0.537
Kyzylordinskaya,2017,5,0.543,170.8,0.544
Kyzylordinskaya,2017,6,0.67,162.2,0.501
Kyzylordinskaya,2017,7,0.656,168.1,0.617
Kyzylordinskaya,2017,8,0.594,100.0,0.543
Kyzylordinskaya,2017,9,0.505,100.0,0.434
Kyzylordinskaya,2017,10,0.279,100.0,0.575
Kyzylordinskaya,2017,11,0.296,100.0,0.465
Kyzylordinskaya,2017,12,0.253,100.0,0.526
Kyzylordinskaya,2018,1,0.246,100.0,0.566
Kyzylordinskaya,2018,2,0.377,100.0,0.575
Kyzylordinskaya,2018,3,0.22,100.0,0.57
Kyzylordinskaya,2018,4,0.367,180.4,0.51
Kyzylordinskaya,2018,5,0.624,156.7,0.577
Kyzylordinskaya,2018,6,0.604,140.2,0.556
Kyzylordinskaya,2018,7,0.752,148.6,0.589
Kyzylordinskaya,2018,8,0.701,100.0,0.516
Kyzylordinskaya,2018,9,0.653,100.0,0.61
Kyzylordinskaya,2018,10,0.367,100.0,0.49
Kyzylordinskaya,2018,11,0.242,100.0,0.607
Kyzylordinskaya,2018,12,0.309,100.0,0.453
Kyzylordinskaya,2019,1,0.396,100.0,0.485
Kyzylordinskaya,2019,2,0.321,100.0,0.447
Kyzylordinskaya,2019,3,0.35,100.0,0.507
Kyzylordinskaya,2019,4,0.281,165.7,0.534
Kyzylordinskaya,2019,5,0.605,177.7,0.509
Kyzylordinskaya,2019,6,0.561,155.7,0.463
Kyzylordinskaya,2019,7,0.69,179.5,0.563
Kyzylordinskaya,2019,8,0.695,100.0,0.478
Kyzylordinskaya,2019,9,0.511,100.0,0.632
Kyzylordinskaya,2019,10,0.24,100.0,0.465
Kyzylordinskaya,2019,11,0.231,100.0,0.488
Kyzylordinskaya,2019,12,0.317,100.0,0.515
Kyzylordinskaya,2020,1,0.364,100.0,0.643
Kyzylordinskaya,2020,2,0.232,100.0,0.496
Kyzylordinskaya,2020,3,0.264,100.0,0.533
Kyzylordinskaya,2020,4,0.221,180.0,0.638
Kyzylordinskaya,2020,5,0.672,182.0,0.63
Kyzylordinskaya,2020,6,0.731,164.1,0.646
Kyzylordinskaya,2020,7,0.736,160.8,0.595
Kyzylordinskaya,2020,8,0.523,100.0,0.647
Kyzylordinskaya,2020,9,0.71,100.0,0.559
Kyzylordinskaya,2020,10,0.328,100.0,0.608
Kyzylordinskaya,2020,11,0.253,100.0,0.452
Kyzylordinskaya,2020,12,0.267,100.0,0.497
Kyzylordinskaya,2021,1,0.225,60.0,0.524
Kyzylordinskaya,2021,2,0.236,60.0,0.494
Kyzylordinskaya,2021,3,0.16,60.0,0.499
Kyzylordinskaya,2021,4,0.215,85.6,0.525
Kyzylordinskaya,2021,5,0.551,91.1,0.476
Kyzylordinskaya,2021,6,0.472,106.5,0.594
Kyzylordinskaya,2021,7,0.546,100.6,0.582
Kyzylordinskaya,2021,8,0.416,60.0,0.532
Kyzylordinskaya,2021,9,0.4,60.0,0.508
Kyzylordinskaya,2021,10,0.167,60.0,0.601
Kyzylordinskaya,2021,11,0.26,60.0,0.529
Kyzylordinskaya,2021,12,0.142,60.0,0.63
Kyzylordinskaya,2022,1,0.208,100.0,0.572
Kyzylordinskaya,2022,2,0.311,100.0,0.663
Kyzylordinskaya,2022,3,0.27,100.0,0.66
Kyzylordinskaya,2022,4,0.329,171.4,0.657
Kyzylordinskaya,2022,5,0.535,189.3,0.532
Kyzylordinskaya,2022,6,0.501,169.5,0.64
Kyzylordinskaya,2022,7,0.504,183.7,0.666
Kyzylordinskaya,2022,8,0.757,100.0,0.501
Kyzylordinskaya,2022,9,0.528,100.0,0.514
Kyzylordinskaya,2022,10,0.391,100.0,0.633
Kyzylordinskaya,2022,11,0.322,100.0,0.479
Kyzylordinskaya,2022,12,0.335,100.0,0.621
Kyzylordinskaya,2023,1,0.363,100.0,0.567
Kyzylordinskaya,2023,2,0.292,100.0,0.676
Kyzylordinskaya,2023,3,0.246,100.0,0.663
Kyzylordinskaya,2023,4,0.283,184.8,0.501
Kyzylordinskaya,2023,5,0.637,174.1,0.621
Kyzylordinskaya,2023,6,0.657,181.2,0.553
Kyzylordinskaya,2023,7,0.717,183.4,0.605
Kyzylordinskaya,2023,8,0.653,100.0,0.504
Kyzylordinskaya,2023,9,0.591,100.0,0.672
Kyzylordinskaya,2023,10,0.298,100.0,0.525
Kyzylordinskaya,2023,11,0.377,100.0,0.497
Kyzylordinskaya,2023,12,0.331,100.0,0.676
Kyzylordinskaya,2024,1,0.34,100.0,0.683
Kyzylordinskaya,2024,2,0.365,100.0,0.507
Kyzylordinskaya,2024,3,0.242,100.0,0.622
Kyzylordinskaya,2024,4,0.327,178.3,0.551
Kyzylordinskaya,2024,5,0.615,150.8,0.589
Kyzylordinskaya,2024,6,0.623,163.1,0.551
Kyzylordinskaya,2024,7,0.693,164.7,0.518
Kyzylordinskaya,2024,8,0.781,100.0,0.58
Kyzylordinskaya,2024,9,0.547,100.0,0.605
Kyzylordinskaya,2024,10,0.356,100.0,0.5
Kyzylordinskaya,2024,11,0.214,100.0,0.541
Kyzylordinskaya,2024,12,0.392,100.0,0.564
Mangistauskaya,2015,1,0.227,100.0,0.463
Mangistauskaya,2015,2,0.377,100.0,0.476
Mangistauskaya,2015,3,0.312,100.0,0.482
Mangistauskaya,2015,4,0.378,152.2,0.598
Mangistauskaya,2015,5,0.7,148.6,0.532
Mangistauskaya,2015,6,0.798,150.9,0.453
Mangistauskaya,2015,7,0.746,142.3,0.474
Mangistauskaya,2015,8,0.715,100.0,0.441
Mangistauskaya,2015,9,0.544,100.0,0.471
Mangistauskaya,2015,10,0.298,100.0,0.419
Mangistauskaya,2015,11,0.203,100.0,0.469
Mangistauskaya,2015,12,0.302,100.0,0.435
Mangistauskaya,2016,1,0.386,100.0,0.525
Mangistauskaya,2016,2,0.342,100.0,0.553
Mangistauskaya,2016,3,0.336,100.0,0.432
Mangistauskaya,2016,4,0.226,146.3,0.576
Mangistauskaya,2016,5,0.703,152.7,0.508
Mangistauskaya,2016,6,0.562,193.4,0.482
Mangistauskaya,2016,7,0.614,198.9,0.413
Mangistauskaya,2016,8,0.778,100.0,0.445
Mangistauskaya,2016,9,0.657,100.0,0.528
Mangistauskaya,2016,10,0.334,100.0,0.533
Mangistauskaya,2016,11,0.365,100.0,0.47
Mangistauskaya,2016,12,0.317,100.0,0.471
Mangistauskaya,2017,1,0.202,100.0,0.457
Mangistauskaya,2017,2,0.322,100.0,0.534
Mangistauskaya,2017,3,0.257,100.0,0.472
Mangistauskaya,2017,4,0.326,172.6,0.555
Mangistauskaya,2017,5,0.573,145.1,0.605
Mangistauskaya,2017,6,0.787,143.1,0.587
Mangistauskaya,2017,7,0.762,188.0,0.548
Mangistauskaya,2017,8,0.521,100.0,0.582
Mangistauskaya,2017,9,0.649,100.0,0.537
Mangistauskaya,2017,10,0.236,100.0,0.554
Mangistauskaya,2017,11,0.383,100.0,0.513
Mangistauskaya,2017,12,0.361,100.0,0.603
Mangistauskaya,2018,1,0.321,100.0,0.592
Mangistauskaya,2018,2,0.236,100.0,0.58
Mangistauskaya,2018,3,0.291,100.0,0.502
Mangistauskaya,2018,4,0.255,156.3,0.585
Mangistauskaya,2018,5,0.784,195.8,0.526
Mangistauskaya,2018,6,0.522,170.8,0.571
Mangistauskaya,2018,7,0.62,167.2,0.443
Mangistauskaya,2018,8,0.619,100.0,0.612
Mangistauskaya,2018,9,0.614,100.0,0.53
Mangistauskaya,2018,10,0.284,100.0,0.597
Mangistauskaya,2018,11,0.325,100.0,0.491
Mangistauskaya,2018,12,0.221,100.0,0.51
Mangistauskaya,2019,1,0.306,100.0,0.444
Mangistauskaya,2019,2,0.293,100.0,0.445
Mangistauskaya,2019,3,0.268,100.0,0.596
Mangistauskaya,2019,4,0.264,162.2,0.637
Mangistauskaya,2019,5,0.793,168.9,0.465
Mangistauskaya,2019,6,0.605,184.3,0.476
Mangistauskaya,2019,7,0.705,194.7,0.635
Mangistauskaya,2019,8,0.72,100.0,0.522
Mangistauskaya,2019,9,0.731,100.0,0.486
Mangistauskaya,2019,10,0.309,100.0,0.491
Mangistauskaya,2019,11,0.287,100.0,0.456
Mangistauskaya,2019,12,0.201,100.0,0.473
Mangistauskaya,2020,1,0.287,100.0,0.542
Mangistauskaya,2020,2,0.256,100.0,0.505
Mangistauskaya,2020,3,0.359,100.0,0.54
Mangistauskaya,2020,4,0.215,184.5,0.648
Mangistauskaya,2020,5,0.626,157.1,0.584
Mangistauskaya,2020,6,0.616,197.5,0.459
Mangistauskaya,2020,7,0.574,144.7,0.64
Mangistauskaya,2020,8,0.757,100.0,0.572
Mangistauskaya,2020,9,0.796,100.0,0.478
Mangistauskaya,2020,10,0.253,100.0,0.539
Mangistauskaya,2020,11,0.273,100.0,0.505
Mangistauskaya,2020,12,0.264,100.0,0.577
Mangistauskaya,2021,1,0.185,60.0,0.604
Mangistauskaya,2021,2,0.14,60.0,0.57
Mangistauskaya,2021,3,0.175,60.0,0.473
Mangistauskaya,2021,4,0.163,93.6,0.585
Mangistauskaya,2021,5,0.374,87.1,0.484
Mangistauskaya,2021,6,0.413,109.4,0.638
Mangistauskaya,2021,7,0.429,112.7,0.553
Mangistauskaya,2021,8,0.369,60.0,0.622
Mangistauskaya,2021,9,0.375,60.0,0.643
Mangistauskaya,2021,10,0.162,60.0,0.544
Mangistauskaya,2021,11,0.24,60.0,0.554
Mangistauskaya,2021,12,0.203,60.0,0.512
Mangistauskaya,2022,1,0.22,100.0,0.63
Mangistauskaya,2022,2,0.345,100.0,0.484
Mangistauskaya,2022,3,0.209,100.0,0.622
Mangistauskaya,2022,4,0.23,198.4,0.644
Mangistauskaya,2022,5,0.756,156.0,0.517
Mangistauskaya,2022,6,0.751,178.9,0.494
Mangistauskaya,2022,7,0.698,162.6,0.531
Mangistauskaya,2022,8,0.512,100.0,0.535
Mangistauskaya,2022,9,0.538,100.0,0.601
Mangistauskaya,2022,10,0.258,100.0,0.489
Mangistauskaya,2022,11,0.383,100.0,0.619
Mangistauskaya,2022,12,0.26,100.0,0.661
Mangistauskaya,2023,1,0.294,100.0,0.57
Mangistauskaya,2023,2,0.39,100.0,0.6
Mangistauskaya,2023,3,0.301,100.0,0.565
Mangistauskaya,2023,4,0.253,149.9,0.557
Mangistauskaya,2023,5,0.657,149.7,0.6
Mangistauskaya,2023,6,0.742,199.6,0.634
Mangistauskaya,2023,7,0.531,140.7,0.573
Mangistauskaya,2023,8,0.755,100.0,0.606
Mangistauskaya,2023,9,0.673,100.0,0.564
Mangistauskaya,2023,10,0.281,100.0,0.599
Mangistauskaya,2023,11,0.227,100.0,0.673
Mangistauskaya,2023,12,0.22,100.0,0.663
Mangistauskaya,2024,1,0.258,100.0,0.501
Mangistauskaya,2024,2,0.347,100.0,0.54
Mangistauskaya,2024,3,0.255,100.0,0.506
Mangistauskaya,2024,4,0.331,174.8,0.506
Mangistauskaya,2024,5,0.664,169.1,0.513
Mangistauskaya,2024,6,0.636,166.6,0.639
Mangistauskaya,2024,7,0.52,157.3,0.542
Mangistauskaya,2024,8,0.778,100.0,0.537
Mangistauskaya,2024,9,0.529,100.0,0.6
Mangistauskaya,2024,10,0.309,100.0,0.564
Mangistauskaya,2024,11,0.316,100.0,0.509
Mangistauskaya,2024,12,0.325,100.0,0.582
Pavlodarskaya,2015,1,0.348,100.0,0.55
Pavlodarskaya,2015,2,0.342,100.0,0.55
Pavlodarskaya,2015,3,0.352,100.0,0.483
Pavlodarskaya,2015,4,0.239,172.1,0.433
Pavlodarskaya,2015,5,0.621,155.7,0.523
Pavlodarskaya,2015,6,0.615,182.9,0.507
Pavlodarskaya,2015,7,0.656,186.4,0.449
Pavlodarskaya,2015,8,0.559,100.0,0.428
Pavlodarskaya,2015,9,0.625,100.0,0.536
Pavlodarskaya,2015,10,0.371,100.0,0.439
Pavlodarskaya,2015,11,0.28,100.0,0.552
Pavlodarskaya,2015,12,0.336,100.0,0.556
Pavlodarskaya,2016,1,0.258,100.0,0.583
Pavlodarskaya,2016,2,0.277,100.0,0.43
Pavlodarskaya,2016,3,0.383,100.0,0.48
Pavlodarskaya,2016,4,0.328,185.2,0.539
Pavlodarskaya,2016,5,0.72,178.1,0.561
Pavlodarskaya,2016,6,0.661,162.5,0.47
Pavlodarskaya,2016,7,0.576,160.7,0.507
Pavlodarskaya,2016,8,0.796,100.0,0.462
Pavlodarskaya,2016,9,0.609,100.0,0.507
Pavlodarskaya,2016,10,0.397,100.0,0.419
Pavlodarskaya,2016,11,0.235,100.0,0.451
Pavlodarskaya,2016,12,0.331,100.0,0.44
Pavlodarskaya,2017,1,0.369,100.0,0.559
Pavlodarskaya,2017,2,0.264,100.0,0.532
Pavlodarskaya,2017,3,0.294,100.0,0.565
Pavlodarskaya,2017,4,0.329,189.0,0.61
Pavlodarskaya,2017,5,0.503,172.2,0.428
Pavlodarskaya,2017,6,0.758,175.1,0.479
Pavlodarskaya,2017,7,0.763,197.9,0.566
Pavlodarskaya,2017,8,0.631,100.0,0.489
Pavlodarskaya,2017,9,0.783,100.0,0.493
Pavlodarskaya,2017,10,0.264,100.0,0.578
Pavlodarskaya,2017,11,0.241,100.0,0.44
Pavlodarskaya,2017,12,0.35,100.0,0.516
Pavlodarskaya,2018,1,0.257,100.0,0.618
Pavlodarskaya,2018,2,0.26,100.0,0.489
Pavlodarskaya,2018,3,0.365,100.0,0.465
Pavlodarskaya,2018,4,0.264,161.7,0.5
Pavlodarskaya,2018,5,0.627,155.0,0.584
Pavlodarskaya,2018,6,0.528,180.1,0.518
Pavlodarskaya,2018,7,0.682,177.2,0.622
Pavlodarskaya,2018,8,0.518,100.0,0.452
Pavlodarskaya,2018,9,0.604,100.0,0.453
Pavlodarskaya,2018,10,0.205,100.0,0.516
Pavlodarskaya,2018,11,0.36,100.0,0.501
Pavlodarskaya,2018,12,0.386,100.0,0.562
Pavlodarskaya,2019,1,0.266,100.0,0.496
Pavlodarskaya,2019,2,0.35,100.0,0.471
Pavlodarskaya,2019,3,0.31,100.0,0.548
Pavlodarskaya,2019,4,0.212,182.3,0.535
Pavlodarskaya,2019,5,0.691,170.3,0.557
Pavlodarskaya,2019,6,0.727,162.2,0.533
Pavlodarskaya,2019,7,0.708,177.3,0.599
Pavlodarskaya,2019,8,0.591,100.0,0.631
Pavlodarskaya,2019,9,0.598,100.0,0.555
Pavlodarskaya,2019,10,0.344,100.0,0.443
Pavlodarskaya,2019,11,0.368,100.0,0.553
Pavlodarskaya,2019,12,0.236,100.0,0.471
Pavlodarskaya,2020,1,0.378,100.0,0.634
Pavlodarskaya,2020,2,0.268,100.0,0.455
Pavlodarskaya,2020,3,0.277,100.0,0.504
Pavlodarskaya,2020,4,0.328,148.1,0.538
Pavlodarskaya,2020,5,0.588,198.2,0.479
Pavlodarskaya,2020,6,0.756,140.5,0.595
Pavlodarskaya,2020,7,0.618,151.6,0.65
Pavlodarskaya,2020,8,0.697,100.0,0.451
Pavlodarskaya,2020,9,0.684,100.0,0.612
Pavlodarskaya,2020,10,0.367,100.0,0.535
Pavlodarskaya,2020,11,0.381,100.0,0.556
Pavlodarskaya,2020,12,0.281,100.0,0.616
Pavlodarskaya,2021,1,0.184,60.0,0.623
Pavlodarskaya,2021,2,0.157,60.0,0.581
Pavlodarskaya,2021,3,0.272,60.0,0.658
Pavlodarskaya,2021,4,0.248,115.6,0.592
Pavlodarskaya,2021,5,0.482,90.9,0.523
Pavlodarskaya,2021,6,0.537,111.9,0.658
Pavlodarskaya,2021,7,0.547,111.0,0.569
Pavlodarskaya,2021,8,0.477,60.0,0.507
Pavlodarskaya,2021,9,0.536,60.0,0.511
Pavlodarskaya,2021,10,0.244,60.0,0.546
Pavlodarskaya,2021,11,0.187,60.0,0.526
Pavlodarskaya,2021,12,0.234,60.0,0.649
Pavlodarskaya,2022,1,0.315,100.0,0.581
Pavlodarskaya,2022,2,0.231,100.0,0.483
Pavlodarskaya,2022,3,0.248,100.0,0.587
Pavlodarskaya,2022,4,0.225,195.2,0.626
Pavlodarskaya,2022,5,0.62,172.8,0.494
Pavlodarskaya,2022,6,0.773,184.0,0.642
Pavlodarskaya,2022,7,0.762,196.6,0.579
Pavlodarskaya,2022,8,0.501,100.0,0.519
Pavlodarskaya,2022,9,0.555,100.0,0.539
Pavlodarskaya,2022,10,0.38,100.0,0.565
Pavlodarskaya,2022,11,0.319,100.0,0.472
Pavlodarskaya,2022,12,0.274,100.0,0.535
Pavlodarskaya,2023,1,0.251,100.0,0.636
Pavlodarskaya,2023,2,0.272,100.0,0.515
Pavlodarskaya,2023,3,0.224,100.0,0.575
Pavlodarskaya,2023,4,0.275,142.0,0.548
Pavlodarskaya,2023,5,0.52,189.9,0.559
Pavlodarskaya,2023,6,0.556,172.3,0.576
Pavlodarskaya,2023,7,0.659,184.1,0.602
Pavlodarskaya,2023,8,0.587,100.0,0.545
Pavlodarskaya,2023,9,0.728,100.0,0.482
Pavlodarskaya,2023,10,0.315,100.0,0.583
Pavlodarskaya,2023,11,0.331,100.0,0.575
Pavlodarskaya,2023,12,0.399,100.0,0.528
Pavlodarskaya,2024,1,0.346,100.0,0.548
Pavlodarskaya,2024,2,0.347,100.0,0.62
Pavlodarskaya,2024,3,0.268,100.0,0.505
Pavlodarskaya,2024,4,0.316,199.3,0.562
Pavlodarskaya,2024,5,0.586,171.4,0.551
Pavlodarskaya,2024,6,0.668,168.1,0.534
Pavlodarskaya,2024,7,0.503,167.1,0.647
Pavlodarskaya,2024,8,0.612,100.0,0.603
Pavlodarskaya,2024,9,0.538,100.0,0.643
Pavlodarskaya,2024,10,0.234,100.0,0.575
Pavlodarskaya,2024,11,0.362,100.0,0.604
Pavlodarskaya,2024,12,0.221,100.0,0.689
Severo-kazachstanskaya,2015,1,0.378,100.0,0.464
Severo-kazachstanskaya,2015,2,0.253,100.0,0.551
Severo-kazachstanskaya,2015,3,0.306,100.0,0.444
Severo-kazachstanskaya,2015,4,0.232,183.9,0.458
Severo-kazachstanskaya,2015,5,0.549,188.9,0.473
Severo-kazachstanskaya,2015,6,0.578,153.2,0.579
Severo-kazachstanskaya,2015,7,0.519,157.0,0.56
Severo-kazachstanskaya,2015,8,0.671,100.0,0.514
Severo-kazachstanskaya,2015,9,0.702,100.0,0.442
Severo-kazachstanskaya,2015,10,0.376,100.0,0.401
Severo-kazachstanskaya,2015,11,0.285,100.0,0.593
Severo-kazachstanskaya,2015,12,0.227,100.0,0.491
Severo-kazachstanskaya,2016,1,0.319,100.0,0.446
Severo-kazachstanskaya,2016,2,0.287,100.0,0.502
Severo-kazachstanskaya,2016,3,0.322,100.0,0.558
Severo-kazachstanskaya,2016,4,0.374,168.4,0.531
Severo-kazachstanskaya,2016,5,0.688,159.6,0.522
Severo-kazachstanskaya,2016,6,0.693,189.3,0.421
Severo-kazachstanskaya,2016,7,0.736,169.2,0.461
Severo-kazachstanskaya,2016,8,0.711,100.0,0.543
Severo-kazachstanskaya,2016,9,0.582,100.0,0.487
Severo-kazachstanskaya,2016,10,0.337,100.0,0.418
Severo-kazachstanskaya,2016,11,0.247,100.0,0.561
Severo-kazachstanskaya,2016,12,0.348,100.0,0.551
Severo-kazachstanskaya,2017,1,0.292,100.0,0.494
Severo-kazachstanskaya,2017,2,0.384,100.0,0.522
Severo-kazachstanskaya,2017,3,0.352,100.0,0.536
Severo-kazachstanskaya,2017,4,0.33,186.0,0.548
Severo-kazachstanskaya,2017,5,0.513,152.6,0.569
Severo-kazachstanskaya,2017,6,0.722,156.7,0.503
Severo-kazachstanskaya,2017,7,0.605,183.3,0.459
Severo-kazachstanskaya,2017,8,0.777,100.0,0.487
Severo-kazachstanskaya,2017,9,0.759,100.0,0.473
Severo-kazachstanskaya,2017,10,0.207,100.0,0.617
Severo-kazachstanskaya,2017,11,0.207,100.0,0.541
Severo-kazachstanskaya,2017,12,0.275,100.0,0.423
Severo-kazachstanskaya,2018,1,0.335,100.0,0.599
Severo-kazachstanskaya,2018,2,0.257,100.0,0.594
Severo-kazachstanskaya,2018,3,0.262,100.0,0.478
Severo-kazachstanskaya,2018,4,0.361,151.2,0.452
Severo-kazachstanskaya,2018,5,0.703,176.7,0.616
Severo-kazachstanskaya,2018,6,0.778,177.7,0.493
Severo-kazachstanskaya,2018,7,0.699,159.1,0.558
Severo-kazachstanskaya,2018,8,0.611,100.0,0.455
Severo-kazachstanskaya,2018,9,0.717,100.0,0.434
Severo-kazachstanskaya,2018,10,0.317,100.0,0.488
Severo-kazachstanskaya,2018,11,0.302,100.0,0.523
Severo-kazachstanskaya,2018,12,0.323,100.0,0.457
Severo-kazachstanskaya,2019,1,0.379,100.0,0.535
Severo-kazachstanskaya,2019,2,0.234,100.0,0.487
Severo-kazachstanskaya,2019,3,0.385,100.0,0.456
Severo-kazachstanskaya,2019,4,0.225,153.2,0.557
Severo-kazachstanskaya,2019,5,0.733,181.6,0.471
Severo-kazachstanskaya,2019,6,0.696,144.4,0.564
Severo-kazachstanskaya,2019,7,0.566,142.5,0.586
Severo-kazachstanskaya,2019,8,0.717,100.0,0.564
Severo-kazachstanskaya,2019,9,0.515,100.0,0.497
Severo-kazachstanskaya,2019,10,0.252,100.0,0.613
Severo-kazachstanskaya,2019,11,0.296,100.0,0.533
Severo-kazachstanskaya,2019,12,0.36,100.0,0.551
Severo-kazachstanskaya,2020,1,0.355,100.0,0.577
Severo-kazachstanskaya,2020,2,0.284,100.0,0.621
Severo-kazachstanskaya,2020,3,0.32,100.0,0.528
Severo-kazachstanskaya,2020,4,0.268,191.4,0.587
Severo-kazachstanskaya,2020,5,0.652,141.0,0.482
Severo-kazachstanskaya,2020,6,0.795,180.7,0.605
Severo-kazachstanskaya,2020,7,0.514,181.4,0.556
Severo-kazachstanskaya,2020,8,0.65,100.0,0.515
Severo-kazachstanskaya,2020,9,0.675,100.0,0.593
Severo-kazachstanskaya,2020,10,0.385,100.0,0.548
Severo-kazachstanskaya,2020,11,0.256,100.0,0.499
Severo-kazachstanskaya,2020,12,0.209,100.0,0.478
Severo-kazachstanskaya,2021,1,0.21,60.0,0.504
Severo-kazachstanskaya,2021,2,0.142,60.0,0.528
Severo-kazachstanskaya,2021,3,0.168,60.0,0.483
Severo-kazachstanskaya,2021,4,0.173,114.1,0.483
Severo-kazachstanskaya,2021,5,0.439,85.2,0.528
Severo-kazachstanskaya,2021,6,0.435,118.5,0.522
Severo-kazachstanskaya,2021,7,0.47,116.3,0.61
Severo-kazachstanskaya,2021,8,0.384,60.0,0.466
Severo-kazachstanskaya,2021,9,0.437,60.0,0.485
Severo-kazachstanskaya,2021,10,0.214,60.0,0.488
Severo-kazachstanskaya,2021,11,0.195,60.0,0.652
Severo-kazachstanskaya,2021,12,0.208,60.0,0.611
Severo-kazachstanskaya,2022,1,0.304,100.0,0.629
Severo-kazachstanskaya,2022,2,0.213,100.0,0.643
Severo-kazachstanskaya,2022,3,0.257,100.0,0.473
Severo-kazachstanskaya,2022,4,0.259,171.5,0.523
Severo-kazachstanskaya,2022,5,0.67,149.8,0.629
Severo-kazachstanskaya,2022,6,0.649,151.9,0.56
Severo-kazachstanskaya,2022,7,0.689,199.2,0.52
Severo-kazachstanskaya,2022,8,0.78,100.0,0.611
Severo-kazachstanskaya,2022,9,0.697,100.0,0.512
Severo-kazachstanskaya,2022,10,0.301,100.0,0.611
Severo-kazachstanskaya,2022,11,0.337,100.0,0.504
Severo-kazachstanskaya,2022,12,0.301,100.0,0.61
Severo-kazachstanskaya,2023,1,0.393,100.0,0.492
Severo-kazachstanskaya,2023,2,0.351,100.0,0.666
Severo-kazachstanskaya,2023,3,0.274,100.0,0.593
Severo-kazachstanskaya,2023,4,0.234,173.3,0.627
Severo-kazachstanskaya,2023,5,0.655,197.4,0.537
Severo-kazachstanskaya,2023,6,0.577,156.2,0.596
Severo-kazachstanskaya,2023,7,0.566,197.9,0.635
Severo-kazachstanskaya,2023,8,0.526,100.0,0.499
Severo-kazachstanskaya,2023,9,0.528,100.0,0.604
Severo-kazachstanskaya,2023,10,0.306,100.0,0.538
Severo-kazachstanskaya,2023,11,0.392,100.0,0.539
Severo-kazachstanskaya,2023,12,0.287,100.0,0.607
Severo-kazachstanskaya,2024,1,0.214,100.0,0.609
Severo-kazachstanskaya,2024,2,0.363,100.0,0.612
Severo-kazachstanskaya,2024,3,0.395,100.0,0.501
Severo-kazachstanskaya,2024,4,0.319,193.5,0.648
Severo-kazachstanskaya,2024,5,0.721,160.2,0.616
Severo-kazachstanskaya,2024,6,0.696,151.6,0.575
Severo-kazachstanskaya,2024,7,0.547,141.1,0.648
Severo-kazachstanskaya,2024,8,0.788,100.0,0.587
Severo-kazachstanskaya,2024,9,0.659,100.0,0.604
Severo-kazachstanskaya,2024,10,0.267,100.0,0.521
Severo-kazachstanskaya,2024,11,0.283,100.0,0.602
Severo-kazachstanskaya,2024,12,0.366,100.0,0.673
Vostochno-kazachstanskaya,2015,1,0.283,100.0,0.542
Vostochno-kazachstanskaya,2015,2,0.217,100.0,0.541
Vostochno-kazachstanskaya,2015,3,0.327,100.0,0.599
Vostochno-kazachstanskaya,2015,4,0.344,184.3,0.412
Vostochno-kazachstanskaya,2015,5,0.669,152.0,0.496
Vostochno-kazachstanskaya,2015,6,0.631,150.5,0.561
Vostochno-kazachstanskaya,2015,7,0.618,153.6,0.502
Vostochno-kazachstanskaya,2015,8,0.717,100.0,0.463
Vostochno-kazachstanskaya,2015,9,0.552,100.0,0.454
Vostochno-kazachstanskaya,2015,10,0.267,100.0,0.512
Vostochno-kazachstanskaya,2015,11,0.382,100.0,0.483
Vostochno-kazachstanskaya,2015,12,0.267,100.0,0.482
Vostochno-kazachstanskaya,2016,1,0.288,100.0,0.496
Vostochno-kazachstanskaya,2016,2,0.3,100.0,0.608
Vostochno-kazachstanskaya,2016,3,0.362,100.0,0.433
Vostochno-kazachstanskaya,2016,4,0.295,191.8,0.555
Vostochno-kazachstanskaya,2016,5,0.539,149.1,0.536
Vostochno-kazachstanskaya,2016,6,0.522,167.5,0.512
Vostochno-kazachstanskaya,2016,7,0.695,162.8,0.462
Vostochno-kazachstanskaya,2016,8,0.673,100.0,0.535
Vostochno-kazachstanskaya,2016,9,0.6,100.0,0.537
Vostochno-kazachstanskaya,2016,10,0.325,100.0,0.597
Vostochno-kazachstanskaya,2016,11,0.395,100.0,0.437
Vostochno-kazachstanskaya,2016,12,0.38,100.0,0.509
Vostochno-kazachstanskaya,2017,1,0.28,100.0,0.616
Vostochno-kazachstanskaya,2017,2,0.365,100.0,0.426
Vostochno-kazachstanskaya,2017,3,0.257,100.0,0.599
Vostochno-kazachstanskaya,2017,4,0.269,154.6,0.585
Vostochno-kazachstanskaya,2017,5,0.792,163.7,0.491
Vostochno-kazachstanskaya,2017,6,0.521,176.6,0.472
Vostochno-kazachstanskaya,2017,7,0.578,194.1,0.452
Vostochno-kazachstanskaya,2017,8,0.674,100.0,0.579
Vostochno-kazachstanskaya,2017,9,0.52,100.0,0.5
Vostochno-kazachstanskaya,2017,10,0.202,100.0,0.492
Vostochno-kazachstanskaya,2017,11,0.29,100.0,0.553
Vostochno-kazachstanskaya,2017,12,0.354,100.0,0.576
Vostochno-kazachstanskaya,2018,1,0.308,100.0,0.622
Vostochno-kazachstanskaya,2018,2,0.295,100.0,0.431
Vostochno-kazachstanskaya,2018,3,0.279,100.0,0.525
Vostochno-kazachstanskaya,2018,4,0.373,168.3,0.588
Vostochno-kazachstanskaya,2018,5,0.674,146.8,0.557
Vostochno-kazachstanskaya,2018,6,0.723,146.2,0.603
Vostochno-kazachstanskaya,2018,7,0.587,193.3,0.435
Vostochno-kazachstanskaya,2018,8,0.611,100.0,0.61
Vostochno-kazachstanskaya,2018,9,0.679,100.0,0.443
Vostochno-kazachstanskaya,2018,10,0.273,100.0,0.603
Vostochno-kazachstanskaya,2018,11,0.277,100.0,0.587
Vostochno-kazachstanskaya,2018,12,0.305,100.0,0.496
Vostochno-kazachstanskaya,2019,1,0.4,100.0,0.6
Vostochno-kazachstanskaya,2019,2,0.366,100.0,0.455
Vostochno-kazachstanskaya,2019,3,0.228,100.0,0.552
Vostochno-kazachstanskaya,2019,4,0.267,170.1,0.622
Vostochno-kazachstanskaya,2019,5,0.671,157.9,0.459
Vostochno-kazachstanskaya,2019,6,0.762,156.2,0.592
Vostochno-kazachstanskaya,2019,7,0.713,146.1,0.552
Vostochno-kazachstanskaya,2019,8,0.502,100.0,0.599
Vostochno-kazachstanskaya,2019,9,0.676,100.0,0.495
Vostochno-kazachstanskaya,2019,10,0.33,100.0,0.507
Vostochno-kazachstanskaya,2019,11,0.241,100.0,0.481
Vostochno-kazachstanskaya,2019,12,0.279,100.0,0.493
Vostochno-kazachstanskaya,2020,1,0.28,100.0,0.517
Vostochno-kazachstanskaya,2020,2,0.284,100.0,0.476
Vostochno-kazachstanskaya,2020,3,0.364,100.0,0.565
Vostochno-kazachstanskaya,2020,4,0.336,184.5,0.584
Vostochno-kazachstanskaya,2020,5,0.619,153.2,0.519
Vostochno-kazachstanskaya,2020,6,0.62,144.3,0.565
Vostochno-kazachstanskaya,2020,7,0.723,184.7,0.607
Vostochno-kazachstanskaya,2020,8,0.634,100.0,0.625
Vostochno-kazachstanskaya,2020,9,0.587,100.0,0.646
Vostochno-kazachstanskaya,2020,10,0.243,100.0,0.633
Vostochno-kazachstanskaya,2020,11,0.279,100.0,0.505
Vostochno-kazachstanskaya,2020,12,0.223,100.0,0.517
Vostochno-kazachstanskaya,2021,1,0.155,60.0,0.543
Vostochno-kazachstanskaya,2021,2,0.166,60.0,0.54
Vostochno-kazachstanskaya,2021,3,0.239,60.0,0.614
Vostochno-kazachstanskaya,2021,4,0.227,89.0,0.535
Vostochno-kazachstanskaya,2021,5,0.406,102.1,0.645
Vostochno-kazachstanskaya,2021,6,0.353,98.7,0.516
Vostochno-kazachstanskaya,2021,7,0.474,114.1,0.538
Vostochno-kazachstanskaya,2021,8,0.474,60.0,0.528
Vostochno-kazachstanskaya,2021,9,0.558,60.0,0.474
Vostochno-kazachstanskaya,2021,10,0.172,60.0,0.575
Vostochno-kazachstanskaya,2021,11,0.152,60.0,0.598
Vostochno-kazachstanskaya,2021,12,0.235,60.0,0.651
Vostochno-kazachstanskaya,2022,1,0.293,100.0,0.617
Vostochno-kazachstanskaya,2022,2,0.354,100.0,0.519
Vostochno-kazachstanskaya,2022,3,0.239,100.0,0.635
Vostochno-kazachstanskaya,2022,4,0.237,154.0,0.614
Vostochno-kazachstanskaya,2022,5,0.513,170.8,0.495
Vostochno-kazachstanskaya,2022,6,0.704,179.0,0.604
Vostochno-kazachstanskaya,2022,7,0.725,155.8,0.536
Vostochno-kazachstanskaya,2022,8,0.701,100.0,0.483
Vostochno-kazachstanskaya,2022,9,0.747,100.0,0.576
Vostochno-kazachstanskaya,2022,10,0.357,100.0,0.625
Vostochno-kazachstanskaya,2022,11,0.305,100.0,0.518
Vostochno-kazachstanskaya,2022,12,0.301,100.0,0.661
Vostochno-kazachstanskaya,2023,1,0.285,100.0,0.526
Vostochno-kazachstanskaya,2023,2,0.298,100.0,0.531
Vostochno-kazachstanskaya,2023,3,0.376,100.0,0.597
Vostochno-kazachstanskaya,2023,4,0.271,143.8,0.508
Vostochno-kazachstanskaya,2023,5,0.661,165.6,0.493
Vostochno-kazachstanskaya,2023,6,0.723,145.3,0.508
Vostochno-kazachstanskaya,2023,7,0.586,185.6,0.573
Vostochno-kazachstanskaya,2023,8,0.614,100.0,0.666
Vostochno-kazachstanskaya,2023,9,0.552,100.0,0.67
Vostochno-kazachstanskaya,2023,10,0.397,100.0,0.551
Vostochno-kazachstanskaya,2023,11,0.283,100.0,0.578
Vostochno-kazachstanskaya,2023,12,0.328,100.0,0.674
Vostochno-kazachstanskaya,2024,1,0.356,100.0,0.554
Vostochno-kazachstanskaya,2024,2,0.287,100.0,0.583
Vostochno-kazachstanskaya,2024,3,0.334,100.0,0.558
Vostochno-kazachstanskaya,2024,4,0.302,180.8,0.614
Vostochno-kazachstanskaya,2024,5,0.693,181.8,0.588
Vostochno-kazachstanskaya,2024,6,0.616,189.2,0.633
Vostochno-kazachstanskaya,2024,7,0.765,158.2,0.537
Vostochno-kazachstanskaya,2024,8,0.709,100.0,0.531
Vostochno-kazachstanskaya,2024,9,0.701,100.0,0.644
Vostochno-kazachstanskaya,2024,10,0.372,100.0,0.665
Vostochno-kazachstanskaya,2024,11,0.335,100.0,0.594
Vostochno-kazachstanskaya,2024,12,0.325,100.0,0.629
Yujno-kazachstanskaya,2015,1,0.286,100.0,0.57
Yujno-kazachstanskaya,2015,2,0.306,100.0,0.56
Yujno-kazachstanskaya,2015,3,0.288,100.0,0.499
Yujno-kazachstanskaya,2015,4,0.331,183.5,0.476
Yujno-kazachstanskaya,2015,5,0.579,181.9,0.443
Yujno-kazachstanskaya,2015,6,0.613,164.1,0.573
Yujno-kazachstanskaya,2015,7,0.606,171.1,0.48
Yujno-kazachstanskaya,2015,8,0.724,100.0,0.416
Yujno-kazachstanskaya,2015,9,0.544,100.0,0.411
Yujno-kazachstanskaya,2015,10,0.322,100.0,0.443
Yujno-kazachstanskaya,2015,11,0.346,100.0,0.418
Yujno-kazachstanskaya,2015,12,0.331,100.0,0.435
Yujno-kazachstanskaya,2016,1,0.264,100.0,0.558
Yujno-kazachstanskaya,2016,2,0.338,100.0,0.512
Yujno-kazachstanskaya,2016,3,0.204,100.0,0.57
Yujno-kazachstanskaya,2016,4,0.221,163.4,0.5
Yujno-kazachstanskaya,2016,5,0.785,152.5,0.474
Yujno-kazachstanskaya,2016,6,0.718,177.8,0.531
Yujno-kazachstanskaya,2016,7,0.762,179.0,0.572
Yujno-kazachstanskaya,2016,8,0.788,100.0,0.534
Yujno-kazachstanskaya,2016,9,0.515,100.0,0.559
Yujno-kazachstanskaya,2016,10,0.213,100.0,0.42
Yujno-kazachstanskaya,2016,11,0.337,100.0,0.586
Yujno-kazachstanskaya,2016,12,0.388,100.0,0.419
Yujno-kazachstanskaya,2017,1,0.331,100.0,0.575
Yujno-kazachstanskaya,2017,2,0.299,100.0,0.619
Yujno-kazachstanskaya,2017,3,0.214,100.0,0.581
Yujno-kazachstanskaya,2017,4,0.314,172.3,0.515
Yujno-kazachstanskaya,2017,5,0.754,149.1,0.61
Yujno-kazachstanskaya,2017,6,0.608,160.5,0.53
Yujno-kazachstanskaya,2017,7,0.69,192.3,0.505
Yujno-kazachstanskaya,2017,8,0.577,100.0,0.6
Yujno-kazachstanskaya,2017,9,0.688,100.0,0.522
Yujno-kazachstanskaya,2017,10,0.238,100.0,0.55
Yujno-kazachstanskaya,2017,11,0.23,100.0,0.471
Yujno-kazachstanskaya,2017,12,0.267,100.0,0.479
Yujno-kazachstanskaya,2018,1,0.376,100.0,0.49
Yujno-kazachstanskaya,2018,2,0.372,100.0,0.566
Yujno-kazachstanskaya,2018,3,0.208,100.0,0.553
Yujno-kazachstanskaya,2018,4,0.2,199.1,0.621
Yujno-kazachstanskaya,2018,5,0.685,144.9,0.448
Yujno-kazachstanskaya,2018,6,0.533,185.9,0.518
Yujno-kazachstanskaya,2018,7,0.648,186.0,0.52
Yujno-kazachstanskaya,2018,8,0.698,100.0,0.588
Yujno-kazachstanskaya,2018,9,0.541,100.0,0.536
Yujno-kazachstanskaya,2018,10,0.313,100.0,0.575
Yujno-kazachstanskaya,2018,11,0.256,100.0,0.445
Yujno-kazachstanskaya,2018,12,0.383,100.0,0.444
Yujno-kazachstanskaya,2019,1,0.331,100.0,0.633
Yujno-kazachstanskaya,2019,2,0.258,100.0,0.523
Yujno-kazachstanskaya,2019,3,0.392,100.0,0.546
Yujno-kazachstanskaya,2019,4,0.375,144.4,0.475
Yujno-kazachstanskaya,2019,5,0.709,157.0,0.589
Yujno-kazachstanskaya,2019,6,0.666,157.0,0.628
Yujno-kazachstanskaya,2019,7,0.505,189.7,0.496
Yujno-kazachstanskaya,2019,8,0.698,100.0,0.528
Yujno-kazachstanskaya,2019,9,0.563,100.0,0.585
Yujno-kazachstanskaya,2019,10,0.312,100.0,0.499
Yujno-kazachstanskaya,2019,11,0.347,100.0,0.533
Yujno-kazachstanskaya,2019,12,0.214,100.0,0.481
Yujno-kazachstanskaya,2020,1,0.216,100.0,0.517
Yujno-kazachstanskaya,2020,2,0.285,100.0,0.526
Yujno-kazachstanskaya,2020,3,0.343,100.0,0.55
Yujno-kazachstanskaya,2020,4,0.261,173.8,0.459
Yujno-kazachstanskaya,2020,5,0.641,183.1,0.564
Yujno-kazachstanskaya,2020,6,0.591,180.7,0.64
Yujno-kazachstanskaya,2020,7,0.797,162.7,0.604
Yujno-kazachstanskaya,2020,8,0.775,100.0,0.634
Yujno-kazachstanskaya,2020,9,0.733,100.0,0.456
Yujno-kazachstanskaya,2020,10,0.379,100.0,0.536
Yujno-kazachstanskaya,2020,11,0.281,100.0,0.481
Yujno-kazachstanskaya,2020,12,0.375,100.0,0.599
Yujno-kazachstanskaya,2021,1,0.239,60.0,0.527
Yujno-kazachstanskaya,2021,2,0.215,60.0,0.569
Yujno-kazachstanskaya,2021,3,0.149,60.0,0.534
Yujno-kazachstanskaya,2021,4,0.208,102.9,0.538
Yujno-kazachstanskaya,2021,5,0.448,85.7,0.563
Yujno-kazachstanskaya,2021,6,0.393,86.4,0.533
Yujno-kazachstanskaya,2021,7,0.521,92.7,0.568
Yujno-kazachstanskaya,2021,8,0.37,60.0,0.511
Yujno-kazachstanskaya,2021,9,0.527,60.0,0.553
Yujno-kazachstanskaya,2021,10,0.226,60.0,0.488
Yujno-kazachstanskaya,2021,11,0.205,60.0,0.498
Yujno-kazachstanskaya,2021,12,0.223,60.0,0.654
Yujno-kazachstanskaya,2022,1,0.274,100.0,0.54
Yujno-kazachstanskaya,2022,2,0.205,100.0,0.491
Yujno-kazachstanskaya,2022,3,0.335,100.0,0.543
Yujno-kazachstanskaya,2022,4,0.241,183.1,0.526
Yujno-kazachstanskaya,2022,5,0.728,176.2,0.5
Yujno-kazachstanskaya,2022,6,0.519,164.5,0.538
Yujno-kazachstanskaya,2022,7,0.534,171.4,0.554
Yujno-kazachstanskaya,2022,8,0.663,100.0,0.54
Yujno-kazachstanskaya,2022,9,0.583,100.0,0.621
Yujno-kazachstanskaya,2022,10,0.256,100.0,0.51
Yujno-kazachstanskaya,2022,11,0.397,100.0,0.657
Yujno-kazachstanskaya,2022,12,0.367,100.0,0.593
Yujno-kazachstanskaya,2023,1,0.248,100.0,0.51
Yujno-kazachstanskaya,2023,2,0.214,100.0,0.483
Yujno-kazachstanskaya,2023,3,0.286,100.0,0.589
Yujno-kazachstanskaya,2023,4,0.345,142.4,0.534
Yujno-kazachstanskaya,2023,5,0.787,174.4,0.602
Yujno-kazachstanskaya,2023,6,0.68,167.1,0.481
Yujno-kazachstanskaya,2023,7,0.63,161.2,0.589
Yujno-kazachstanskaya,2023,8,0.747,100.0,0.652
Yujno-kazachstanskaya,2023,9,0.754,100.0,0.55
Yujno-kazachstanskaya,2023,10,0.329,100.0,0.487
Yujno-kazachstanskaya,2023,11,0.203,100.0,0.524
Yujno-kazachstanskaya,2023,12,0.203,100.0,0.487
Yujno-kazachstanskaya,2024,1,0.306,100.0,0.656
Yujno-kazachstanskaya,2024,2,0.238,100.0,0.652
Yujno-kazachstanskaya,2024,3,0.249,100.0,0.494
Yujno-kazachstanskaya,2024,4,0.247,195.2,0.629
Yujno-kazachstanskaya,2024,5,0.551,174.8,0.576
Yujno-kazachstanskaya,2024,6,0.787,190.0,0.57
Yujno-kazachstanskaya,2024,7,0.757,181.6,0.601
Yujno-kazachstanskaya,2024,8,0.563,100.0,0.561
Yujno-kazachstanskaya,2024,9,0.57,100.0,0.613
Yujno-kazachstanskaya,2024,10,0.272,100.0,0.622
Yujno-kazachstanskaya,2024,11,0.335,100.0,0.57
Yujno-kazachstanskaya,2024,12,0.37,100.0,0.533
Zapadno-kazachstanskaya,2015,1,0.257,100.0,0.458
Zapadno-kazachstanskaya,2015,2,0.209,100.0,0.42
Zapadno-kazachstanskaya,2015,3,0.231,100.0,0.489
Zapadno-kazachstanskaya,2015,4,0.216,142.9,0.591
Zapadno-kazachstanskaya,2015,5,0.61,155.6,0.586
Zapadno-kazachstanskaya,2015,6,0.701,182.4,0.503
Zapadno-kazachstanskaya,2015,7,0.637,152.6,0.496
Zapadno-kazachstanskaya,2015,8,0.721,100.0,0.479
Zapadno-kazachstanskaya,2015,9,0.682,100.0,0.495
Zapadno-kazachstanskaya,2015,10,0.308,100.0,0.538
Zapadno-kazachstanskaya,2015,11,0.305,100.0,0.451
Zapadno-kazachstanskaya,2015,12,0.233,100.0,0.5
Zapadno-kazachstanskaya,2016,1,0.211,100.0,0.528
Zapadno-kazachstanskaya,2016,2,0.245,100.0,0.605
Zapadno-kazachstanskaya,2016,3,0.333,100.0,0.452
Zapadno-kazachstanskaya,2016,4,0.371,194.5,0.608
Zapadno-kazachstanskaya,2016,5,0.502,178.6,0.548
Zapadno-kazachstanskaya,2016,6,0.63,190.8,0.513
Zapadno-kazachstanskaya,2016,7,0.565,169.9,0.473
Zapadno-kazachstanskaya,2016,8,0.549,100.0,0.49
Zapadno-kazachstanskaya,2016,9,0.744,100.0,0.516
Zapadno-kazachstanskaya,2016,10,0.31,100.0,0.532
Zapadno-kazachstanskaya,2016,11,0.362,100.0,0.503
Zapadno-kazachstanskaya,2016,12,0.247,100.0,0.427
Zapadno-kazachstanskaya,2017,1,0.364,100.0,0.479
Zapadno-kazachstanskaya,2017,2,0.388,100.0,0.481
Zapadno-kazachstanskaya,2017,3,0.332,100.0,0.499
Zapadno-kazachstanskaya,2017,4,0.247,162.1,0.564
Zapadno-kazachstanskaya,2017,5,0.532,144.4,0.499
Zapadno-kazachstanskaya,2017,6,0.504,192.7,0.524
Zapadno-kazachstanskaya,2017,7,0.658,192.9,0.602
Zapadno-kazachstanskaya,2017,8,0.612,100.0,0.577
Zapadno-kazachstanskaya,2017,9,0.584,100.0,0.578
Zapadno-kazachstanskaya,2017,10,0.202,100.0,0.428
Zapadno-kazachstanskaya,2017,11,0.255,100.0,0.54
Zapadno-kazachstanskaya,2017,12,0.216,100.0,0.451
Zapadno-kazachstanskaya,2018,1,0.275,100.0,0.526
Zapadno-kazachstanskaya,2018,2,0.255,100.0,0.518
Zapadno-kazachstanskaya,2018,3,0.298,100.0,0.594
Zapadno-kazachstanskaya,2018,4,0.337,159.5,0.537
Zapadno-kazachstanskaya,2018,5,0.52,147.8,0.624
Zapadno-kazachstanskaya,2018,6,0.789,171.7,0.482
Zapadno-kazachstanskaya,2018,7,0.773,157.3,0.577
Zapadno-kazachstanskaya,2018,8,0.652,100.0,0.478
Zapadno-kazachstanskaya,2018,9,0.601,100.0,0.626
Zapadno-kazachstanskaya,2018,10,0.209,100.0,0.509
Zapadno-kazachstanskaya,2018,11,0.319,100.0,0.577
Zapadno-kazachstanskaya,2018,12,0.325,100.0,0.434
Zapadno-kazachstanskaya,2019,1,0.314,100.0,0.628
Zapadno-kazachstanskaya,2019,2,0.22,100.0,0.531
Zapadno-kazachstanskaya,2019,3,0.307,100.0,0.583
Zapadno-kazachstanskaya,2019,4,0.35,171.2,0.521
Zapadno-kazachstanskaya,2019,5,0.724,160.6,0.603
Zapadno-kazachstanskaya,2019,6,0.695,181.9,0.475
Zapadno-kazachstanskaya,2019,7,0.546,147.7,0.594
Zapadno-kazachstanskaya,2019,8,0.72,100.0,0.599
Zapadno-kazachstanskaya,2019,9,0.509,100.0,0.594
Zapadno-kazachstanskaya,2019,10,0.278,100.0,0.48
Zapadno-kazachstanskaya,2019,11,0.327,100.0,0.472
Zapadno-kazachstanskaya,2019,12,0.399,100.0,0.457
Zapadno-kazachstanskaya,2020,1,0.394,100.0,0.478
Zapadno-kazachstanskaya,2020,2,0.384,100.0,0.469
Zapadno-kazachstanskaya,2020,3,0.254,100.0,0.626
Zapadno-kazachstanskaya,2020,4,0.223,192.6,0.64
Zapadno-kazachstanskaya,2020,5,0.556,156.9,0.609
Zapadno-kazachstanskaya,2020,6,0.526,147.2,0.622
Zapadno-kazachstanskaya,2020,7,0.756,143.7,0.527
Zapadno-kazachstanskaya,2020,8,0.741,100.0,0.566
Zapadno-kazachstanskaya,2020,9,0.697,100.0,0.609
Zapadno-kazachstanskaya,2020,10,0.386,100.0,0.476
Zapadno-kazachstanskaya,2020,11,0.249,100.0,0.541
Zapadno-kazachstanskaya,2020,12,0.323,100.0,0.59
Zapadno-kazachstanskaya,2021,1,0.172,60.0,0.534
Zapadno-kazachstanskaya,2021,2,0.154,60.0,0.565
Zapadno-kazachstanskaya,2021,3,0.179,60.0,0.525
Zapadno-kazachstanskaya,2021,4,0.249,98.8,0.628
Zapadno-kazachstanskaya,2021,5,0.519,101.7,0.476
Zapadno-kazachstanskaya,2021,6,0.422,106.3,0.647
Zapadno-kazachstanskaya,2021,7,0.458,116.9,0.527
Zapadno-kazachstanskaya,2021,8,0.361,60.0,0.633
Zapadno-kazachstanskaya,2021,9,0.496,60.0,0.579
Zapadno-kazachstanskaya,2021,10,0.159,60.0,0.61
Zapadno-kazachstanskaya,2021,11,0.267,60.0,0.634
Zapadno-kazachstanskaya,2021,12,0.232,60.0,0.576
Zapadno-kazachstanskaya,2022,1,0.255,100.0,0.483
Zapadno-kazachstanskaya,2022,2,0.215,100.0,0.666
Zapadno-kazachstanskaya,2022,3,0.214,100.0,0.543
Zapadno-kazachstanskaya,2022,4,0.334,173.3,0.471
Zapadno-kazachstanskaya,2022,5,0.724,199.9,0.632
Zapadno-kazachstanskaya,2022,6,0.797,156.6,0.64
Zapadno-kazachstanskaya,2022,7,0.57,159.7,0.608
Zapadno-kazachstanskaya,2022,8,0.671,100.0,0.52
Zapadno-kazachstanskaya,2022,9,0.67,100.0,0.579
Zapadno-kazachstanskaya,2022,10,0.365,100.0,0.562
Zapadno-kazachstanskaya,2022,11,0.268,100.0,0.638
Zapadno-kazachstanskaya,2022,12,0.375,100.0,0.568
Zapadno-kazachstanskaya,2023,1,0.228,100.0,0.646
Zapadno-kazachstanskaya,2023,2,0.279,100.0,0.669
Zapadno-kazachstanskaya,2023,3,0.241,100.0,0.669
Zapadno-kazachstanskaya,2023,4,0.311,147.6,0.613
Zapadno-kazachstanskaya,2023,5,0.631,197.3,0.667
Zapadno-kazachstanskaya,2023,6,0.798,170.4,0.67
Zapadno-kazachstanskaya,2023,7,0.53,149.0,0.547
Zapadno-kazachstanskaya,2023,8,0.736,100.0,0.552
Zapadno-kazachstanskaya,2023,9,0.536,100.0,0.551
Zapadno-kazachstanskaya,2023,10,0.278,100.0,0.58
Zapadno-kazachstanskaya,2023,11,0.261,100.0,0.57
Zapadno-kazachstanskaya,2023,12,0.372,100.0,0.671
Zapadno-kazachstanskaya,2024,1,0.355,100.0,0.543
Zapadno-kazachstanskaya,2024,2,0.246,100.0,0.539
Zapadno-kazachstanskaya,2024,3,0.389,100.0,0.628
Zapadno-kazachstanskaya,2024,4,0.353,194.9,0.645
Zapadno-kazachstanskaya,2024,5,0.633,159.9,0.585
Zapadno-kazachstanskaya,2024,6,0.73,162.0,0.57
Zapadno-kazachstanskaya,2024,7,0.738,176.3,0.637
Zapadno-kazachstanskaya,2024,8,0.65,100.0,0.637
Zapadno-kazachstanskaya,2024,9,0.588,100.0,0.502
Zapadno-kazachstanskaya,2024,10,0.33,100.0,0.601
Zapadno-kazachstanskaya,2024,11,0.272,100.0,0.598
Zapadno-kazachstanskaya,2024,12,0.347,100.0,0.592
